,run,epoch,loss,valLoss,accuracy,accuracy_val,model,lr,batch_size,optim
0,1,1,0.4487708659917116,0.3383158489068349,0.8750208333333334,0.9,MLPZeroReLu,0.01,32,sgd
1,1,2,0.31534989592184626,0.31532269219557446,0.9107083333333333,0.90825,MLPZeroReLu,0.01,32,sgd
2,1,3,0.29756706781437,0.3020155455370744,0.916,0.9118333333333334,MLPZeroReLu,0.01,32,sgd
3,1,4,0.2870131478756666,0.2991221041580041,0.9193541666666667,0.91175,MLPZeroReLu,0.01,32,sgd
4,1,5,0.2805623273327947,0.2943161825537682,0.9212291666666667,0.9133333333333333,MLPZeroReLu,0.01,32,sgd
5,1,6,0.2747799851372838,0.29226330600182215,0.9232291666666667,0.91375,MLPZeroReLu,0.01,32,sgd
6,1,7,0.2705275649813314,0.2894125193158785,0.9230416666666666,0.916,MLPZeroReLu,0.01,32,sgd
7,1,8,0.26656652014826737,0.2881793507138888,0.9250833333333334,0.9159166666666667,MLPZeroReLu,0.01,32,sgd
8,1,9,0.2634125729240477,0.2866076934834321,0.9259583333333333,0.916,MLPZeroReLu,0.01,32,sgd
9,1,10,0.260256986339887,0.2859859738747279,0.9269166666666667,0.9160833333333334,MLPZeroReLu,0.01,32,sgd
10,1,11,0.25750744572033485,0.28271253694097204,0.9272708333333334,0.9160833333333334,MLPZeroReLu,0.01,32,sgd
11,1,12,0.25578417584548396,0.28366983899474146,0.9281041666666666,0.9161666666666667,MLPZeroReLu,0.01,32,sgd
12,1,13,0.2534485126286745,0.2814579753826062,0.9291458333333333,0.917,MLPZeroReLu,0.01,32,sgd
13,1,14,0.2516592726347347,0.28046779188513754,0.9295625,0.9186666666666666,MLPZeroReLu,0.01,32,sgd
14,1,15,0.2503982203875979,0.27900315504769485,0.9287916666666667,0.9183333333333333,MLPZeroReLu,0.01,32,sgd
15,1,16,0.2485555375777185,0.2795634770045678,0.93025,0.919,MLPZeroReLu,0.01,32,sgd
16,1,17,0.24734189475948612,0.2820572067548831,0.9307291666666667,0.9165,MLPZeroReLu,0.01,32,sgd
17,1,18,0.24583849485466877,0.2802958833922942,0.9311458333333333,0.9178333333333333,MLPZeroReLu,0.01,32,sgd
18,1,19,0.2453211476740738,0.280828356941541,0.93125,0.9181666666666667,MLPZeroReLu,0.01,32,sgd
19,1,20,0.24361793330435952,0.2785652227252722,0.9315208333333334,0.91875,MLPZeroReLu,0.01,32,sgd
20,1,21,0.24283575588961442,0.27810759643216926,0.9320416666666667,0.9190833333333334,MLPZeroReLu,0.01,32,sgd
21,1,22,0.24180572582160434,0.27873570276796816,0.93225,0.9184166666666667,MLPZeroReLu,0.01,32,sgd
22,1,23,0.24098693855603537,0.2797197256088257,0.9318333333333333,0.9196666666666666,MLPZeroReLu,0.01,32,sgd
23,1,24,0.23997767834862074,0.27758967083195846,0.9329583333333333,0.9188333333333333,MLPZeroReLu,0.01,32,sgd
24,1,25,0.23923572978377342,0.2768956792354584,0.9333958333333333,0.9188333333333333,MLPZeroReLu,0.01,32,sgd
25,1,26,0.23804573680957158,0.2794672067513069,0.933,0.91825,MLPZeroReLu,0.01,32,sgd
26,1,27,0.23743596693997582,0.27714183166623113,0.9331458333333333,0.9195833333333333,MLPZeroReLu,0.01,32,sgd
27,1,28,0.2363789675620695,0.27843163344760735,0.933625,0.91975,MLPZeroReLu,0.01,32,sgd
28,1,29,0.2361105279872815,0.27824084721008935,0.9342708333333334,0.9188333333333333,MLPZeroReLu,0.01,32,sgd
29,1,30,0.23535767919694384,0.2773371180097262,0.9338333333333333,0.9195833333333333,MLPZeroReLu,0.01,32,sgd
30,1,31,0.23463730464378993,0.2781928781668345,0.9342083333333333,0.9193333333333333,MLPZeroReLu,0.01,32,sgd
31,1,32,0.23432621820643545,0.27705354589720566,0.9340416666666667,0.9195,MLPZeroReLu,0.01,32,sgd
32,1,33,0.23309957499802111,0.27787139035761355,0.9344166666666667,0.9196666666666666,MLPZeroReLu,0.01,32,sgd
33,1,34,0.23270949333285293,0.2768494570106268,0.9348541666666667,0.91975,MLPZeroReLu,0.01,32,sgd
34,1,35,0.23255213794360557,0.27684239218135676,0.9348333333333333,0.9201666666666667,MLPZeroReLu,0.01,32,sgd
35,1,36,0.23159315410256387,0.2768078965942065,0.9354791666666666,0.9205,MLPZeroReLu,0.01,32,sgd
36,1,37,0.2312645899094641,0.2805039707918962,0.9350833333333334,0.919,MLPZeroReLu,0.01,32,sgd
37,1,38,0.23075216576332847,0.2792931598027547,0.9351666666666667,0.92025,MLPZeroReLu,0.01,32,sgd
38,1,39,0.23014272115876278,0.2784803448369106,0.9353958333333333,0.9188333333333333,MLPZeroReLu,0.01,32,sgd
39,1,40,0.229566478886952,0.2766751532057921,0.9353125,0.9218333333333333,MLPZeroReLu,0.01,32,sgd
40,1,41,0.22895430654287338,0.2767519894639651,0.9355416666666667,0.91975,MLPZeroReLu,0.01,32,sgd
41,1,42,0.22865104164307315,0.27763390085101125,0.9356041666666667,0.9199166666666667,MLPZeroReLu,0.01,32,sgd
42,1,43,0.22814017967383066,0.2768428079833587,0.93625,0.92025,MLPZeroReLu,0.01,32,sgd
43,1,44,0.22743955253499248,0.2763561653494835,0.9367083333333334,0.9198333333333333,MLPZeroReLu,0.01,32,sgd
44,1,45,0.22748129028454422,0.27673887290557225,0.9362916666666666,0.91975,MLPZeroReLu,0.01,32,sgd
45,1,46,0.22665914681429664,0.27678821436564127,0.9372291666666667,0.92,MLPZeroReLu,0.01,32,sgd
46,1,47,0.22661534734256567,0.27861456119517486,0.936125,0.91875,MLPZeroReLu,0.01,32,sgd
47,1,48,0.22614796590432526,0.276668991714716,0.9360625,0.9205833333333333,MLPZeroReLu,0.01,32,sgd
48,1,49,0.2255877106698851,0.27878080934782823,0.9362708333333334,0.92025,MLPZeroReLu,0.01,32,sgd
49,1,50,0.22551429801558454,0.2780997252712647,0.9364791666666666,0.92025,MLPZeroReLu,0.01,32,sgd
50,1,51,0.2249080340663592,0.2768832520296176,0.9369791666666667,0.9210833333333334,MLPZeroReLu,0.01,32,sgd
51,1,52,0.22449822992583116,0.2778808261702458,0.936875,0.9204166666666667,MLPZeroReLu,0.01,32,sgd
52,1,53,0.2244746939825515,0.2773595550904671,0.93675,0.9220833333333334,MLPZeroReLu,0.01,32,sgd
53,1,54,0.22378165057425697,0.28199932631353536,0.9364166666666667,0.9193333333333333,MLPZeroReLu,0.01,32,sgd
54,1,55,0.2234171591711541,0.28014329230288665,0.9370416666666667,0.9196666666666666,MLPZeroReLu,0.01,32,sgd
55,1,56,0.22278938256079953,0.27831041597326595,0.9371875,0.92025,MLPZeroReLu,0.01,32,sgd
56,1,57,0.22270907470087212,0.2793917358418306,0.9375208333333334,0.9201666666666667,MLPZeroReLu,0.01,32,sgd
57,1,58,0.22262080127621692,0.2794145802358786,0.9371041666666666,0.9209166666666667,MLPZeroReLu,0.01,32,sgd
58,1,59,0.2218607146355013,0.27800797858834264,0.93725,0.9205,MLPZeroReLu,0.01,32,sgd
59,1,60,0.2217595388771345,0.2793289420157671,0.9377083333333334,0.92025,MLPZeroReLu,0.01,32,sgd
60,2,1,0.5827370094656944,0.3732625995477041,0.8402291666666667,0.89125,MLPZeroReLu,0.01,64,sgd
61,2,2,0.34514414010445277,0.3346656074523926,0.9025208333333333,0.9019166666666667,MLPZeroReLu,0.01,64,sgd
62,2,3,0.3185224846601486,0.32018277430534364,0.9099791666666667,0.9064166666666666,MLPZeroReLu,0.01,64,sgd
63,2,4,0.3047841380337874,0.3130038544336955,0.9131041666666667,0.9071666666666667,MLPZeroReLu,0.01,64,sgd
64,2,5,0.29598642443617185,0.306225018342336,0.9171041666666667,0.9111666666666667,MLPZeroReLu,0.01,64,sgd
65,2,6,0.2893561352888743,0.30266871325174965,0.9188125,0.911,MLPZeroReLu,0.01,64,sgd
66,2,7,0.2844491006433964,0.29919648861885073,0.9202083333333333,0.911,MLPZeroReLu,0.01,64,sgd
67,2,8,0.2805116725762685,0.29744588085015616,0.9209791666666667,0.9111666666666667,MLPZeroReLu,0.01,64,sgd
68,2,9,0.2769760243097941,0.2932163955370585,0.9227291666666667,0.9139166666666667,MLPZeroReLu,0.01,64,sgd
69,2,10,0.2740142303605874,0.2920336201588313,0.9230416666666666,0.9136666666666666,MLPZeroReLu,0.01,64,sgd
70,2,11,0.2710539682408174,0.2918422209421794,0.9239375,0.9139166666666667,MLPZeroReLu,0.01,64,sgd
71,2,12,0.26895071344574295,0.2891406467358271,0.9248333333333333,0.9154166666666667,MLPZeroReLu,0.01,64,sgd
72,2,13,0.2665615830818812,0.2886140267451604,0.9248958333333334,0.9145,MLPZeroReLu,0.01,64,sgd
73,2,14,0.26464845664302505,0.28785888838768003,0.926125,0.9154166666666667,MLPZeroReLu,0.01,64,sgd
74,2,15,0.26277169809738793,0.28656958770751956,0.9262708333333334,0.9150833333333334,MLPZeroReLu,0.01,64,sgd
75,2,16,0.2611686467429002,0.28487018203735354,0.9271666666666667,0.9161666666666667,MLPZeroReLu,0.01,64,sgd
76,2,17,0.2595135699212551,0.2844141472975413,0.9270208333333333,0.9171666666666667,MLPZeroReLu,0.01,64,sgd
77,2,18,0.2579534294952949,0.2841377944946289,0.927625,0.91675,MLPZeroReLu,0.01,64,sgd
78,2,19,0.2566475997368495,0.2834255782365799,0.9281458333333333,0.91775,MLPZeroReLu,0.01,64,sgd
79,2,20,0.2551364664087693,0.28381963256994885,0.9282083333333333,0.91875,MLPZeroReLu,0.01,64,sgd
80,2,21,0.25406065593659877,0.28209237416585287,0.9290833333333334,0.9190833333333334,MLPZeroReLu,0.01,64,sgd
81,2,22,0.253132311920325,0.2808479874531428,0.9291666666666667,0.9174166666666667,MLPZeroReLu,0.01,64,sgd
82,2,23,0.2520072573175033,0.28100932788848876,0.928875,0.9184166666666667,MLPZeroReLu,0.01,64,sgd
83,2,24,0.25110140012204646,0.2826582760810852,0.9296666666666666,0.9166666666666666,MLPZeroReLu,0.01,64,sgd
84,2,25,0.25003434402743974,0.2804482965866725,0.9300208333333333,0.9184166666666667,MLPZeroReLu,0.01,64,sgd
85,2,26,0.2491758413910866,0.28049228835105894,0.9298541666666666,0.91975,MLPZeroReLu,0.01,64,sgd
86,2,27,0.24831402481595674,0.2800795839627584,0.930375,0.9185833333333333,MLPZeroReLu,0.01,64,sgd
87,2,28,0.24727293864885966,0.2826084149281184,0.930875,0.9183333333333333,MLPZeroReLu,0.01,64,sgd
88,2,29,0.24652843425174553,0.27971399466196695,0.9305416666666667,0.91925,MLPZeroReLu,0.01,64,sgd
89,2,30,0.2457371132026116,0.2792735013961792,0.931125,0.9198333333333333,MLPZeroReLu,0.01,64,sgd
90,2,31,0.24521472417314846,0.2796646016438802,0.9312083333333333,0.9201666666666667,MLPZeroReLu,0.01,64,sgd
91,2,32,0.2442927555491527,0.2784902456998825,0.9317291666666667,0.91925,MLPZeroReLu,0.01,64,sgd
92,2,33,0.24371969484786193,0.2770844988028208,0.9317083333333334,0.9199166666666667,MLPZeroReLu,0.01,64,sgd
93,2,34,0.24301040251553058,0.2786309700012207,0.931625,0.9199166666666667,MLPZeroReLu,0.01,64,sgd
94,2,35,0.24239171033104262,0.2788258828719457,0.9318333333333333,0.9184166666666667,MLPZeroReLu,0.01,64,sgd
95,2,36,0.2421459630827109,0.2771426731745402,0.9326458333333333,0.9203333333333333,MLPZeroReLu,0.01,64,sgd
96,2,37,0.24143668208022911,0.2783684516350428,0.9327708333333333,0.91975,MLPZeroReLu,0.01,64,sgd
97,2,38,0.24073820469776788,0.2772677927017212,0.9329583333333333,0.9195833333333333,MLPZeroReLu,0.01,64,sgd
98,2,39,0.24040416414042315,0.27741866815090177,0.932625,0.921,MLPZeroReLu,0.01,64,sgd
99,2,40,0.23978802752494813,0.27767486647764844,0.9328541666666667,0.9195833333333333,MLPZeroReLu,0.01,64,sgd
100,2,41,0.2391620356341203,0.2773170553048452,0.9331458333333333,0.9205,MLPZeroReLu,0.01,64,sgd
101,2,42,0.23866697825988134,0.27718432585398356,0.9334583333333333,0.9195,MLPZeroReLu,0.01,64,sgd
102,2,43,0.2381344318439563,0.2755066566467285,0.9330833333333334,0.9205833333333333,MLPZeroReLu,0.01,64,sgd
103,2,44,0.23752416996161144,0.2760873761177063,0.9334375,0.9205,MLPZeroReLu,0.01,64,sgd
104,2,45,0.23729084933300812,0.27590901203950247,0.932875,0.92125,MLPZeroReLu,0.01,64,sgd
105,2,46,0.23678641010075807,0.2762315768400828,0.9339166666666666,0.9201666666666667,MLPZeroReLu,0.01,64,sgd
106,2,47,0.23640513104200364,0.2761394579410553,0.9341875,0.9199166666666667,MLPZeroReLu,0.01,64,sgd
107,2,48,0.2359192139406999,0.27824815579255424,0.9340625,0.91975,MLPZeroReLu,0.01,64,sgd
108,2,49,0.2356765938748916,0.2756898221969605,0.9341666666666667,0.92025,MLPZeroReLu,0.01,64,sgd
109,2,50,0.23518528353671234,0.2771144160827001,0.9344375,0.92075,MLPZeroReLu,0.01,64,sgd
110,2,51,0.23476728367308775,0.2774885182778041,0.9347708333333333,0.92,MLPZeroReLu,0.01,64,sgd
111,2,52,0.23424185380339624,0.2754695382118225,0.9343958333333333,0.9205833333333333,MLPZeroReLu,0.01,64,sgd
112,2,53,0.23399855067829292,0.27578653891881305,0.9344166666666667,0.9211666666666667,MLPZeroReLu,0.01,64,sgd
113,2,54,0.23362861583630243,0.27630875738461813,0.9345625,0.9191666666666667,MLPZeroReLu,0.01,64,sgd
114,2,55,0.2331852283726136,0.27682638947168986,0.9348125,0.9195,MLPZeroReLu,0.01,64,sgd
115,2,56,0.23307229965925216,0.27626469318072,0.9347708333333333,0.9198333333333333,MLPZeroReLu,0.01,64,sgd
116,2,57,0.232546577150623,0.27640103018283846,0.9353541666666667,0.91975,MLPZeroReLu,0.01,64,sgd
117,2,58,0.2322230091492335,0.27488356626033783,0.9349583333333333,0.9215833333333333,MLPZeroReLu,0.01,64,sgd
118,2,59,0.23180490331848463,0.2760482305685679,0.9347916666666667,0.91975,MLPZeroReLu,0.01,64,sgd
119,2,60,0.23139007379611334,0.275413094997406,0.9353958333333333,0.9208333333333333,MLPZeroReLu,0.01,64,sgd
120,3,1,0.564530738890171,0.5116983914077282,0.8161666666666667,0.8295833333333333,MLPZeroReLu,0.05,32,sgd
121,3,2,0.49096917004386587,0.49642858483393987,0.8350625,0.8310833333333333,MLPZeroReLu,0.05,32,sgd
122,3,3,0.4768457505951325,0.49637333595752714,0.840125,0.83025,MLPZeroReLu,0.05,32,sgd
123,3,4,0.4684535699635744,0.5064109006226063,0.8415,0.8273333333333334,MLPZeroReLu,0.05,32,sgd
124,3,5,0.4628326293329398,0.5066451668739319,0.84225,0.82875,MLPZeroReLu,0.05,32,sgd
125,3,6,0.4584894975870848,0.5043325735032559,0.8434791666666667,0.8295,MLPZeroReLu,0.05,32,sgd
126,3,7,0.45420623979220787,0.5079196122984091,0.8445208333333334,0.8261666666666667,MLPZeroReLu,0.05,32,sgd
127,3,8,0.45163671490053336,0.48770899439851445,0.8446666666666667,0.8335,MLPZeroReLu,0.05,32,sgd
128,3,9,0.4487481639968852,0.4989396051466465,0.8455625,0.8273333333333334,MLPZeroReLu,0.05,32,sgd
129,3,10,0.44635090937962135,0.4884674591720104,0.8454375,0.8325833333333333,MLPZeroReLu,0.05,32,sgd
130,3,11,0.4438182873825232,0.5137822425663471,0.8467083333333333,0.8253333333333334,MLPZeroReLu,0.05,32,sgd
131,3,12,0.4426719525853793,0.49835558119416234,0.8468125,0.8314166666666667,MLPZeroReLu,0.05,32,sgd
132,3,13,0.4404012344243626,0.4989782781650623,0.8475416666666666,0.8309166666666666,MLPZeroReLu,0.05,32,sgd
133,3,14,0.4392548831316332,0.48809510898590086,0.8475208333333333,0.8315,MLPZeroReLu,0.05,32,sgd
134,3,15,0.438761146320651,0.491780587186416,0.8472083333333333,0.8323333333333334,MLPZeroReLu,0.05,32,sgd
135,3,16,0.43676064188281694,0.49195387164751686,0.8478958333333333,0.83175,MLPZeroReLu,0.05,32,sgd
136,3,17,0.43542686583846807,0.4891452689220508,0.8472708333333333,0.833,MLPZeroReLu,0.05,32,sgd
137,3,18,0.43413844257593154,0.4911780430078507,0.84825,0.8319166666666666,MLPZeroReLu,0.05,32,sgd
138,3,19,0.43322251008202634,0.5016049794952074,0.8484166666666667,0.82775,MLPZeroReLu,0.05,32,sgd
139,3,20,0.43202262551585835,0.49325518067677815,0.8492708333333333,0.8340833333333333,MLPZeroReLu,0.05,32,sgd
140,3,21,0.4313499118356655,0.5046298157473406,0.8488333333333333,0.8268333333333333,MLPZeroReLu,0.05,32,sgd
141,3,22,0.4305570185830196,0.4918796267261108,0.8494583333333333,0.83225,MLPZeroReLu,0.05,32,sgd
142,3,23,0.428704550024122,0.49228394859532515,0.8490416666666667,0.8326666666666667,MLPZeroReLu,0.05,32,sgd
143,3,24,0.4290934771237274,0.4936510580182075,0.8482291666666667,0.8325833333333333,MLPZeroReLu,0.05,32,sgd
144,3,25,0.428359823482732,0.4918267539044221,0.8497708333333334,0.8324166666666667,MLPZeroReLu,0.05,32,sgd
145,3,26,0.42745156299322845,0.4970689027160406,0.8490208333333333,0.8318333333333333,MLPZeroReLu,0.05,32,sgd
146,3,27,0.42769289211556316,0.4930725746353467,0.8493541666666666,0.8333333333333334,MLPZeroReLu,0.05,32,sgd
147,3,28,0.4261061215313772,0.49702951245506605,0.8499375,0.834,MLPZeroReLu,0.05,32,sgd
148,3,29,0.4261369230169803,0.5004777965694666,0.8502083333333333,0.8320833333333333,MLPZeroReLu,0.05,32,sgd
149,3,30,0.4259220640907685,0.5009130595525105,0.8506875,0.83025,MLPZeroReLu,0.05,32,sgd
150,3,31,0.4240331917951504,0.5057452940891186,0.8510416666666667,0.8308333333333333,MLPZeroReLu,0.05,32,sgd
151,3,32,0.4245099498964846,0.49746035985648634,0.8510208333333333,0.83175,MLPZeroReLu,0.05,32,sgd
152,3,33,0.42376388563712436,0.4979162654678027,0.8505208333333333,0.8314166666666667,MLPZeroReLu,0.05,32,sgd
153,3,34,0.4227035624179989,0.4985187633931637,0.850625,0.8304166666666667,MLPZeroReLu,0.05,32,sgd
154,3,35,0.4226961234708627,0.5004446236789226,0.8511666666666666,0.8320833333333333,MLPZeroReLu,0.05,32,sgd
155,3,36,0.42273090886572995,0.5034655345380307,0.8517083333333333,0.8303333333333334,MLPZeroReLu,0.05,32,sgd
156,3,37,0.4214017228943606,0.49741117128233114,0.8508125,0.832,MLPZeroReLu,0.05,32,sgd
157,3,38,0.42081795892554025,0.49442501961191493,0.851375,0.8304166666666667,MLPZeroReLu,0.05,32,sgd
158,3,39,0.4213546785749495,0.504019977102677,0.8512708333333333,0.8299166666666666,MLPZeroReLu,0.05,32,sgd
159,3,40,0.4206572994713982,0.5090777883678674,0.8510625,0.8295833333333333,MLPZeroReLu,0.05,32,sgd
160,3,41,0.4203019484219452,0.49845804667472837,0.8517708333333334,0.8333333333333334,MLPZeroReLu,0.05,32,sgd
161,3,42,0.419590933714062,0.51899727293849,0.8515833333333334,0.8264166666666667,MLPZeroReLu,0.05,32,sgd
162,3,43,0.41834615090303123,0.5005396783153216,0.8517083333333333,0.8335,MLPZeroReLu,0.05,32,sgd
163,3,44,0.4190384652521461,0.5003188047160705,0.8517708333333334,0.8333333333333334,MLPZeroReLu,0.05,32,sgd
164,3,45,0.41936786642918983,0.5015172155946493,0.8517083333333333,0.8315,MLPZeroReLu,0.05,32,sgd
165,3,46,0.4175243823217849,0.508734267850717,0.852125,0.8286666666666667,MLPZeroReLu,0.05,32,sgd
166,3,47,0.41831992462898293,0.49888193142910797,0.8526458333333333,0.8311666666666667,MLPZeroReLu,0.05,32,sgd
167,3,48,0.4170322342918565,0.5037897155483564,0.8524791666666667,0.83175,MLPZeroReLu,0.05,32,sgd
168,3,49,0.4162650361359119,0.5065853049705425,0.8523541666666666,0.8308333333333333,MLPZeroReLu,0.05,32,sgd
169,3,50,0.4161115853389104,0.5006220810562372,0.8522083333333333,0.8338333333333333,MLPZeroReLu,0.05,32,sgd
170,3,51,0.4159566836450249,0.5127827780544758,0.8519583333333334,0.8285833333333333,MLPZeroReLu,0.05,32,sgd
171,3,52,0.41618273516868554,0.5026195911516745,0.8521041666666667,0.8321666666666667,MLPZeroReLu,0.05,32,sgd
172,3,53,0.4156353439340989,0.5055569769491752,0.852125,0.8303333333333334,MLPZeroReLu,0.05,32,sgd
173,3,54,0.41597893129785857,0.5082234681248665,0.8527291666666666,0.8331666666666667,MLPZeroReLu,0.05,32,sgd
174,3,55,0.41533699283624687,0.5039585201094547,0.8534583333333333,0.83275,MLPZeroReLu,0.05,32,sgd
175,3,56,0.4154019066703816,0.5008569492896398,0.8526666666666667,0.8308333333333333,MLPZeroReLu,0.05,32,sgd
176,3,57,0.4141251859155794,0.5086641606688499,0.8522291666666667,0.8319166666666666,MLPZeroReLu,0.05,32,sgd
177,3,58,0.41450653979182245,0.5058085742220283,0.8528541666666667,0.832,MLPZeroReLu,0.05,32,sgd
178,3,59,0.4135495220782856,0.5002811111311117,0.853,0.83175,MLPZeroReLu,0.05,32,sgd
179,3,60,0.41394621175155044,0.5017121510207653,0.8524583333333333,0.8343333333333334,MLPZeroReLu,0.05,32,sgd
180,4,1,0.6567714414000512,0.564722973982493,0.7784166666666666,0.8031666666666667,MLPZeroReLu,0.05,64,sgd
181,4,2,0.5503515535990398,0.5510173119703928,0.80925,0.8069166666666666,MLPZeroReLu,0.05,64,sgd
182,4,3,0.3341309777994951,0.29885631378491717,0.899875,0.91325,MLPZeroReLu,0.05,64,sgd
183,4,4,0.277724999854962,0.29579277654488884,0.9217291666666667,0.9123333333333333,MLPZeroReLu,0.05,64,sgd
184,4,5,0.27005910766124724,0.29060936578114827,0.9239166666666667,0.91575,MLPZeroReLu,0.05,64,sgd
185,4,6,0.2639262605557839,0.2909047593275706,0.9257083333333334,0.9136666666666666,MLPZeroReLu,0.05,64,sgd
186,4,7,0.25998164793848993,0.2908004839022954,0.9262291666666667,0.9171666666666667,MLPZeroReLu,0.05,64,sgd
187,4,8,0.25676687602698806,0.29143831129868825,0.9278333333333333,0.9155833333333333,MLPZeroReLu,0.05,64,sgd
188,4,9,0.25457181899249554,0.28580376029014587,0.9276041666666667,0.9170833333333334,MLPZeroReLu,0.05,64,sgd
189,4,10,0.2516127019226551,0.2859870312213898,0.9282291666666667,0.9173333333333333,MLPZeroReLu,0.05,64,sgd
190,4,11,0.2487502406189839,0.2839142454067866,0.9297291666666667,0.9178333333333333,MLPZeroReLu,0.05,64,sgd
191,4,12,0.24741932792961596,0.28410923091570534,0.9303125,0.919,MLPZeroReLu,0.05,64,sgd
192,4,13,0.24530704339345297,0.29049620393911996,0.9304375,0.9155833333333333,MLPZeroReLu,0.05,64,sgd
193,4,14,0.2440484207123518,0.2847461968660355,0.9307916666666667,0.9189166666666667,MLPZeroReLu,0.05,64,sgd
194,4,15,0.2425172197446227,0.2826663861274719,0.9312708333333334,0.91825,MLPZeroReLu,0.05,64,sgd
195,4,16,0.2403127995977799,0.29065032867590584,0.9317083333333334,0.9153333333333333,MLPZeroReLu,0.05,64,sgd
196,4,17,0.23954266794522602,0.29131458624204,0.9322083333333333,0.9145,MLPZeroReLu,0.05,64,sgd
197,4,18,0.23847549247244995,0.28286073462168376,0.9329583333333333,0.91725,MLPZeroReLu,0.05,64,sgd
198,4,19,0.23662609322865805,0.28333722535769146,0.9332916666666666,0.9180833333333334,MLPZeroReLu,0.05,64,sgd
199,4,20,0.23618753836055598,0.2900493626197179,0.9329166666666666,0.9181666666666667,MLPZeroReLu,0.05,64,sgd
200,4,21,0.2348451997190714,0.28455906579891843,0.9339166666666666,0.9168333333333333,MLPZeroReLu,0.05,64,sgd
201,4,22,0.23350075944761436,0.28576425298055014,0.933625,0.91825,MLPZeroReLu,0.05,64,sgd
202,4,23,0.2333041965762774,0.2824775003194809,0.9340833333333334,0.9203333333333333,MLPZeroReLu,0.05,64,sgd
203,4,24,0.23253409948945045,0.2868766562541326,0.934625,0.9191666666666667,MLPZeroReLu,0.05,64,sgd
204,4,25,0.2317228096028169,0.28461588046948116,0.934,0.918,MLPZeroReLu,0.05,64,sgd
205,4,26,0.2313023698379596,0.29055855786800383,0.9345416666666667,0.91575,MLPZeroReLu,0.05,64,sgd
206,4,27,0.22972250064710775,0.28352796034018196,0.935625,0.9199166666666667,MLPZeroReLu,0.05,64,sgd
207,4,28,0.2297317402313153,0.2856566931009293,0.9342083333333333,0.9184166666666667,MLPZeroReLu,0.05,64,sgd
208,4,29,0.22774368613461654,0.2915193070570628,0.9357083333333334,0.91675,MLPZeroReLu,0.05,64,sgd
209,4,30,0.22770542890826861,0.2856329532464345,0.9353541666666667,0.9181666666666667,MLPZeroReLu,0.05,64,sgd
210,4,31,0.22787203201154868,0.28914004921913145,0.9354166666666667,0.918,MLPZeroReLu,0.05,64,sgd
211,4,32,0.22643581445266803,0.28988685325781505,0.93525,0.91675,MLPZeroReLu,0.05,64,sgd
212,4,33,0.2258597685645024,0.29120082485675813,0.9364791666666666,0.9168333333333333,MLPZeroReLu,0.05,64,sgd
213,4,34,0.22583729829390845,0.2886723824739456,0.9360833333333334,0.9171666666666667,MLPZeroReLu,0.05,64,sgd
214,4,35,0.22441987787187098,0.2866544546484947,0.9363333333333334,0.9191666666666667,MLPZeroReLu,0.05,64,sgd
215,4,36,0.22388145354390143,0.2895924537976583,0.9356666666666666,0.9185,MLPZeroReLu,0.05,64,sgd
216,4,37,0.22358761497338614,0.2924045419692993,0.9361666666666667,0.91775,MLPZeroReLu,0.05,64,sgd
217,4,38,0.22326823355754216,0.28830479260285696,0.9360625,0.9186666666666666,MLPZeroReLu,0.05,64,sgd
218,4,39,0.22274455278118452,0.2928111885388692,0.9362708333333334,0.9169166666666667,MLPZeroReLu,0.05,64,sgd
219,4,40,0.2228378779987494,0.28775653632481896,0.9364583333333333,0.9188333333333333,MLPZeroReLu,0.05,64,sgd
220,4,41,0.22166920904815196,0.2872697747151057,0.9374166666666667,0.91975,MLPZeroReLu,0.05,64,sgd
221,4,42,0.22169503632436197,0.29095238375663757,0.9367083333333334,0.9181666666666667,MLPZeroReLu,0.05,64,sgd
222,4,43,0.22041053167978922,0.29823298839728035,0.937375,0.9144166666666667,MLPZeroReLu,0.05,64,sgd
223,4,44,0.22001574471096197,0.28893620510896045,0.937875,0.9190833333333334,MLPZeroReLu,0.05,64,sgd
224,4,45,0.22020225582023462,0.2890154186884562,0.9374375,0.919,MLPZeroReLu,0.05,64,sgd
225,4,46,0.22007700382669768,0.2889274147748947,0.9370416666666667,0.9179166666666667,MLPZeroReLu,0.05,64,sgd
226,4,47,0.21915003098050753,0.30827225041389467,0.9370208333333333,0.9124166666666667,MLPZeroReLu,0.05,64,sgd
227,4,48,0.2191600286041697,0.2943659811814626,0.937375,0.9175833333333333,MLPZeroReLu,0.05,64,sgd
228,4,49,0.21864065187176068,0.2907549565434456,0.9381458333333333,0.9195,MLPZeroReLu,0.05,64,sgd
229,4,50,0.21781808413068454,0.2901094865202904,0.93825,0.9195,MLPZeroReLu,0.05,64,sgd
230,4,51,0.21781147893766561,0.2886166597604752,0.9374375,0.921,MLPZeroReLu,0.05,64,sgd
231,4,52,0.21763488012552262,0.29264923685789107,0.9375625,0.9181666666666667,MLPZeroReLu,0.05,64,sgd
232,4,53,0.2177294465849797,0.28882777988910674,0.9385625,0.9184166666666667,MLPZeroReLu,0.05,64,sgd
233,4,54,0.21652070979277294,0.3000518348614375,0.9388333333333333,0.9150833333333334,MLPZeroReLu,0.05,64,sgd
234,4,55,0.2169054255783558,0.29607301570971806,0.93825,0.9165,MLPZeroReLu,0.05,64,sgd
235,4,56,0.21645545864850282,0.29087519290049874,0.9385208333333334,0.92075,MLPZeroReLu,0.05,64,sgd
236,4,57,0.21585809550682702,0.2909576517343521,0.9386458333333333,0.9193333333333333,MLPZeroReLu,0.05,64,sgd
237,4,58,0.21566432968030375,0.2943560030857722,0.9389791666666667,0.9181666666666667,MLPZeroReLu,0.05,64,sgd
238,4,59,0.2149838569809993,0.29042900816599526,0.9388958333333334,0.92125,MLPZeroReLu,0.05,64,sgd
239,4,60,0.2152281949048241,0.2894238837162654,0.9388125,0.91975,MLPZeroReLu,0.05,64,sgd
240,5,1,0.8347240933428208,0.7236533546447754,0.7130625,0.7485833333333334,MLPZeroReLu,0.1,32,sgd
241,5,2,0.722000760336717,0.7183762540022532,0.7493541666666667,0.7485833333333334,MLPZeroReLu,0.1,32,sgd
242,5,3,0.7090649437308312,0.7162106889486313,0.7537291666666667,0.7485,MLPZeroReLu,0.1,32,sgd
243,5,4,0.7011596341431141,0.7160594687859217,0.7530625,0.7524166666666666,MLPZeroReLu,0.1,32,sgd
244,5,5,0.6949885196437439,0.7201975471576055,0.7558958333333333,0.75025,MLPZeroReLu,0.1,32,sgd
245,5,6,0.6897583013276259,0.7268392293850581,0.7560208333333334,0.74925,MLPZeroReLu,0.1,32,sgd
246,5,7,0.687604435885946,0.7159237876733144,0.7553333333333333,0.7534166666666666,MLPZeroReLu,0.1,32,sgd
247,5,8,0.6852926071882248,0.7193032621542613,0.7563125,0.7546666666666667,MLPZeroReLu,0.1,32,sgd
248,5,9,0.6821044843792915,0.7285173907677333,0.7569791666666666,0.7500833333333333,MLPZeroReLu,0.1,32,sgd
249,5,10,0.6815168357342481,0.7156861786047618,0.756625,0.7513333333333333,MLPZeroReLu,0.1,32,sgd
250,5,11,0.6782845210234324,0.722221518834432,0.7572708333333333,0.75125,MLPZeroReLu,0.1,32,sgd
251,5,12,0.6765589936077595,0.7179066112041473,0.7581875,0.7504166666666666,MLPZeroReLu,0.1,32,sgd
252,5,13,0.6751658024638891,0.7387688545385996,0.7590625,0.7486666666666667,MLPZeroReLu,0.1,32,sgd
253,5,14,0.6744752392669519,0.7193868344227473,0.7585,0.7485833333333334,MLPZeroReLu,0.1,32,sgd
254,5,15,0.6713875067134698,0.7316699317296346,0.759375,0.7440833333333333,MLPZeroReLu,0.1,32,sgd
255,5,16,0.6724884015570084,0.7285445969502131,0.7582708333333333,0.749,MLPZeroReLu,0.1,32,sgd
256,5,17,0.6691366351246834,0.7426532167196274,0.758875,0.7473333333333333,MLPZeroReLu,0.1,32,sgd
257,5,18,0.6702031867206096,0.7254453238248825,0.7593125,0.75,MLPZeroReLu,0.1,32,sgd
258,5,19,0.6673257240032157,0.7313489327033361,0.7591458333333333,0.7495833333333334,MLPZeroReLu,0.1,32,sgd
259,5,20,0.6681805589695772,0.7430624260505041,0.7587291666666667,0.752,MLPZeroReLu,0.1,32,sgd
260,5,21,0.6666157439003388,0.7363827554782232,0.75975,0.7465,MLPZeroReLu,0.1,32,sgd
261,5,22,0.6658087100932996,0.722527842283249,0.7595,0.7530833333333333,MLPZeroReLu,0.1,32,sgd
262,5,23,0.6643234671254953,0.7228067348400752,0.7600833333333333,0.74825,MLPZeroReLu,0.1,32,sgd
263,5,24,0.6633548376373947,0.723500251452128,0.7598958333333333,0.74825,MLPZeroReLu,0.1,32,sgd
264,5,25,0.6617817037204902,0.7263540857235591,0.7602083333333334,0.7494166666666666,MLPZeroReLu,0.1,32,sgd
265,5,26,0.663323582092921,0.7281863364378611,0.7594375,0.7534166666666666,MLPZeroReLu,0.1,32,sgd
266,5,27,0.6630373861243327,0.7372927217086156,0.7596666666666667,0.7474166666666666,MLPZeroReLu,0.1,32,sgd
267,5,28,0.6605071925620238,0.7512751098871231,0.7602291666666666,0.7500833333333333,MLPZeroReLu,0.1,32,sgd
268,5,29,0.6610702487627665,0.7342571122248968,0.7602083333333334,0.7480833333333333,MLPZeroReLu,0.1,32,sgd
269,5,30,0.6598997198492289,0.7340420138835907,0.7598125,0.749,MLPZeroReLu,0.1,32,sgd
270,5,31,0.6592800905754169,0.7296647304693857,0.7604166666666666,0.75025,MLPZeroReLu,0.1,32,sgd
271,5,32,0.6566065448423226,0.7313374538421631,0.7604791666666667,0.7495,MLPZeroReLu,0.1,32,sgd
272,5,33,0.6585956625839074,0.7404971858263015,0.76025,0.7513333333333333,MLPZeroReLu,0.1,32,sgd
273,5,34,0.6584896114319563,0.7451142948071162,0.7603958333333334,0.74775,MLPZeroReLu,0.1,32,sgd
274,5,35,0.6579292644759019,0.7336349819501241,0.7595833333333334,0.7486666666666667,MLPZeroReLu,0.1,32,sgd
275,5,36,0.6565539525945981,0.7413960266510645,0.7604791666666667,0.7464166666666666,MLPZeroReLu,0.1,32,sgd
276,5,37,0.657713608622551,0.7356067145268123,0.7609583333333333,0.7506666666666667,MLPZeroReLu,0.1,32,sgd
277,5,38,0.6540143510649602,0.7380781084299087,0.76125,0.7460833333333333,MLPZeroReLu,0.1,32,sgd
278,5,39,0.6554072469522556,0.7406356758276621,0.7607291666666667,0.7484166666666666,MLPZeroReLu,0.1,32,sgd
279,5,40,0.6551435305724541,0.7358994439840317,0.7609583333333333,0.7481666666666666,MLPZeroReLu,0.1,32,sgd
280,5,41,0.6545991181234518,0.7337746742169062,0.7606041666666666,0.7489166666666667,MLPZeroReLu,0.1,32,sgd
281,5,42,0.6527958592375119,0.7325733290910721,0.761875,0.7519166666666667,MLPZeroReLu,0.1,32,sgd
282,5,43,0.652792062719663,0.7473180260658264,0.7620208333333334,0.74975,MLPZeroReLu,0.1,32,sgd
283,5,44,0.653814958319068,0.7563135400215785,0.7610833333333333,0.7511666666666666,MLPZeroReLu,0.1,32,sgd
284,5,45,0.6520816737214724,0.7505590552488963,0.7617083333333333,0.7485833333333334,MLPZeroReLu,0.1,32,sgd
285,5,46,0.6534694998065631,0.7408169497251511,0.7615833333333333,0.7473333333333333,MLPZeroReLu,0.1,32,sgd
286,5,47,0.6523039606014888,0.7380627814531326,0.761625,0.7493333333333333,MLPZeroReLu,0.1,32,sgd
287,5,48,0.6527255251506965,0.738417086760203,0.7612708333333333,0.74625,MLPZeroReLu,0.1,32,sgd
288,5,49,0.6512500884979964,0.751991537809372,0.762,0.7465833333333334,MLPZeroReLu,0.1,32,sgd
289,5,50,0.6501395121216774,0.7991748220920563,0.7616666666666667,0.7436666666666667,MLPZeroReLu,0.1,32,sgd
290,5,51,0.6528303098380566,0.7424412779808044,0.7611875,0.7434166666666666,MLPZeroReLu,0.1,32,sgd
291,5,52,0.6516421848038833,0.7445682289600373,0.7617708333333333,0.74225,MLPZeroReLu,0.1,32,sgd
292,5,53,0.6502531741559505,0.7407848656972249,0.7617291666666667,0.7519166666666667,MLPZeroReLu,0.1,32,sgd
293,5,54,0.6509102014700572,0.744316777865092,0.761,0.7441666666666666,MLPZeroReLu,0.1,32,sgd
294,5,55,0.6504669319788615,0.7379207668701807,0.7610833333333333,0.7501666666666666,MLPZeroReLu,0.1,32,sgd
295,5,56,0.6478396198650201,0.7470378789107005,0.7618541666666667,0.7465833333333334,MLPZeroReLu,0.1,32,sgd
296,5,57,0.6511592723677556,0.7549102576971054,0.7608541666666667,0.7488333333333334,MLPZeroReLu,0.1,32,sgd
297,5,58,0.6502580437362194,0.7500869911511739,0.7618958333333333,0.7478333333333333,MLPZeroReLu,0.1,32,sgd
298,5,59,0.6490306446353594,0.7406516879796982,0.7617083333333333,0.74425,MLPZeroReLu,0.1,32,sgd
299,5,60,0.6486433026790619,0.7475023375749588,0.7618541666666667,0.7456666666666667,MLPZeroReLu,0.1,32,sgd
300,6,1,0.38609005404512087,0.3297436199982961,0.885,0.9018333333333334,MLPZeroReLu,0.1,64,sgd
301,6,2,0.30201437627275785,0.3120670117139816,0.9143333333333333,0.90975,MLPZeroReLu,0.1,64,sgd
302,6,3,0.2874979660709699,0.3055817619562149,0.918875,0.9114166666666667,MLPZeroReLu,0.1,64,sgd
303,6,4,0.27922069550057255,0.3009597577651342,0.9202291666666667,0.91675,MLPZeroReLu,0.1,64,sgd
304,6,5,0.27459919219712414,0.3016134159167608,0.921625,0.9149166666666667,MLPZeroReLu,0.1,64,sgd
305,6,6,0.26902438553174335,0.29607122238477074,0.9235833333333333,0.9160833333333334,MLPZeroReLu,0.1,64,sgd
306,6,7,0.26488181547323864,0.32550888005892437,0.9243541666666667,0.90575,MLPZeroReLu,0.1,64,sgd
307,6,8,0.2618210089157025,0.300416163901488,0.9260416666666667,0.91625,MLPZeroReLu,0.1,64,sgd
308,6,9,0.25833245083192985,0.29354767795403797,0.9270416666666667,0.9168333333333333,MLPZeroReLu,0.1,64,sgd
309,6,10,0.25457398569583894,0.3065641028682391,0.9279166666666666,0.9124166666666667,MLPZeroReLu,0.1,64,sgd
310,6,11,0.2523933399071296,0.30752321434020996,0.928125,0.9139166666666667,MLPZeroReLu,0.1,64,sgd
311,6,12,0.25171371214836835,0.30026534203688304,0.9283541666666667,0.9144166666666667,MLPZeroReLu,0.1,64,sgd
312,6,13,0.2498671386986971,0.3231846781174342,0.9282708333333334,0.9073333333333333,MLPZeroReLu,0.1,64,sgd
313,6,14,0.2478976460347573,0.33213686203956605,0.9288541666666666,0.9043333333333333,MLPZeroReLu,0.1,64,sgd
314,6,15,0.24751414828002452,0.3052712645530701,0.92825,0.9148333333333334,MLPZeroReLu,0.1,64,sgd
315,6,16,0.2435069033453862,0.3033591635425886,0.9305833333333333,0.9158333333333334,MLPZeroReLu,0.1,64,sgd
316,6,17,0.2418803931698203,0.2956758550405502,0.9306666666666666,0.9176666666666666,MLPZeroReLu,0.1,64,sgd
317,6,18,0.24244316332042218,0.3107722282807032,0.93,0.9115833333333333,MLPZeroReLu,0.1,64,sgd
318,6,19,0.24037003363172213,0.3014650914669037,0.931625,0.91725,MLPZeroReLu,0.1,64,sgd
319,6,20,0.23857531308382748,0.3087637379566828,0.93225,0.91725,MLPZeroReLu,0.1,64,sgd
320,6,21,0.2390417264054219,0.29681555555264155,0.9314375,0.9191666666666667,MLPZeroReLu,0.1,64,sgd
321,6,22,0.2364938744182388,0.3085921798547109,0.9317083333333334,0.9143333333333333,MLPZeroReLu,0.1,64,sgd
322,6,23,0.2363380434513092,0.30053617771466573,0.9327291666666667,0.9155833333333333,MLPZeroReLu,0.1,64,sgd
323,6,24,0.2353772042443355,0.3013318939010302,0.9318333333333333,0.9170833333333334,MLPZeroReLu,0.1,64,sgd
324,6,25,0.23349810969332854,0.30416897879044213,0.9327083333333334,0.9164166666666667,MLPZeroReLu,0.1,64,sgd
325,6,26,0.23438073316216468,0.30263491038481394,0.9317291666666667,0.9154166666666667,MLPZeroReLu,0.1,64,sgd
326,6,27,0.2327263188138604,0.3187614452242851,0.9330833333333334,0.9125833333333333,MLPZeroReLu,0.1,64,sgd
327,6,28,0.23263947651783626,0.33038439746697745,0.933875,0.909,MLPZeroReLu,0.1,64,sgd
328,6,29,0.23294407790899277,0.30410612670580545,0.9336875,0.9179166666666667,MLPZeroReLu,0.1,64,sgd
329,6,30,0.23105311589936414,0.30557593486706414,0.9329583333333333,0.9161666666666667,MLPZeroReLu,0.1,64,sgd
330,6,31,0.2307027399291595,0.3329514720837275,0.9334375,0.9085,MLPZeroReLu,0.1,64,sgd
331,6,32,0.2305833934570352,0.3137670995791753,0.9337708333333333,0.9138333333333334,MLPZeroReLu,0.1,64,sgd
332,6,33,0.22946192852656047,0.30870633085568744,0.9334166666666667,0.9148333333333334,MLPZeroReLu,0.1,64,sgd
333,6,34,0.22904660858710607,0.31512637305259705,0.9346875,0.9128333333333334,MLPZeroReLu,0.1,64,sgd
334,6,35,0.22682609103620052,0.3095991788307826,0.9340625,0.9163333333333333,MLPZeroReLu,0.1,64,sgd
335,6,36,0.22713368644316992,0.3316922997236252,0.9344166666666667,0.9079166666666667,MLPZeroReLu,0.1,64,sgd
336,6,37,0.22636214735110602,0.3120194955269496,0.9345208333333334,0.91675,MLPZeroReLu,0.1,64,sgd
337,6,38,0.22711316481232643,0.30697639028231305,0.9346875,0.9173333333333333,MLPZeroReLu,0.1,64,sgd
338,6,39,0.2264054233804345,0.31309486071268716,0.9342291666666667,0.916,MLPZeroReLu,0.1,64,sgd
339,6,40,0.22581865421682595,0.3094870884815852,0.9341458333333333,0.9165833333333333,MLPZeroReLu,0.1,64,sgd
340,6,41,0.22465711515148482,0.31364243070284525,0.9349375,0.9153333333333333,MLPZeroReLu,0.1,64,sgd
341,6,42,0.2243611674879988,0.3106203792889913,0.9346875,0.91725,MLPZeroReLu,0.1,64,sgd
342,6,43,0.22455788686623177,0.32238170178731285,0.9352916666666666,0.91125,MLPZeroReLu,0.1,64,sgd
343,6,44,0.22236815044780572,0.3072505706350009,0.9358958333333334,0.91675,MLPZeroReLu,0.1,64,sgd
344,6,45,0.22247508793572585,0.3152053631345431,0.935625,0.9149166666666667,MLPZeroReLu,0.1,64,sgd
345,6,46,0.22346349064757426,0.30780909848213195,0.9344583333333333,0.918,MLPZeroReLu,0.1,64,sgd
346,6,47,0.2228002216219902,0.3151394224961599,0.9356458333333333,0.9154166666666667,MLPZeroReLu,0.1,64,sgd
347,6,48,0.22268775853763023,0.3134922848542531,0.9351458333333333,0.9158333333333334,MLPZeroReLu,0.1,64,sgd
348,6,49,0.2202660728941361,0.3329145243366559,0.9365625,0.9096666666666666,MLPZeroReLu,0.1,64,sgd
349,6,50,0.221330772737662,0.3252406656742096,0.9361875,0.91275,MLPZeroReLu,0.1,64,sgd
350,6,51,0.22077981776495775,0.3132234725554784,0.9359375,0.9176666666666666,MLPZeroReLu,0.1,64,sgd
351,6,52,0.21959064120054245,0.322940369506677,0.9358125,0.9116666666666666,MLPZeroReLu,0.1,64,sgd
352,6,53,0.2210691902935505,0.3128019789854685,0.9362291666666667,0.9185833333333333,MLPZeroReLu,0.1,64,sgd
353,6,54,0.22006505039085944,0.3084306475718816,0.9364166666666667,0.9173333333333333,MLPZeroReLu,0.1,64,sgd
354,6,55,0.22055750664820273,0.33605731451511384,0.9359166666666666,0.9109166666666667,MLPZeroReLu,0.1,64,sgd
355,6,56,0.22021052366495134,0.3240906687180201,0.9361041666666666,0.9128333333333334,MLPZeroReLu,0.1,64,sgd
356,6,57,0.21951140816509723,0.31536484716335933,0.936125,0.91575,MLPZeroReLu,0.1,64,sgd
357,6,58,0.21924261649449667,0.3275144596298536,0.9362291666666667,0.9126666666666666,MLPZeroReLu,0.1,64,sgd
358,6,59,0.2184934378961722,0.3176426365772883,0.9365416666666667,0.916,MLPZeroReLu,0.1,64,sgd
359,6,60,0.21810578745851913,0.32161566577355066,0.9369791666666667,0.9139166666666667,MLPZeroReLu,0.1,64,sgd
360,7,1,0.4223388243416945,0.3351014539400736,0.8835208333333333,0.9033333333333333,MLPZero,0.01,32,sgd
361,7,2,0.31723845745871465,0.31482595566908517,0.9101666666666667,0.9065833333333333,MLPZero,0.01,32,sgd
362,7,3,0.2995047067180276,0.3035198991000652,0.9162083333333333,0.9116666666666666,MLPZero,0.01,32,sgd
363,7,4,0.28982002975046633,0.3006469348967075,0.9182916666666666,0.91075,MLPZero,0.01,32,sgd
364,7,5,0.2833744757001599,0.3000147561530272,0.9210416666666666,0.9095,MLPZero,0.01,32,sgd
365,7,6,0.2790828546149035,0.29444926833113033,0.9219583333333333,0.9148333333333334,MLPZero,0.01,32,sgd
366,7,7,0.2751461169794202,0.29381648296117785,0.9237083333333334,0.9160833333333334,MLPZero,0.01,32,sgd
367,7,8,0.27221779138594865,0.2929630964199702,0.9246875,0.9143333333333333,MLPZero,0.01,32,sgd
368,7,9,0.26956299152349433,0.289843316723903,0.9247708333333333,0.9158333333333334,MLPZero,0.01,32,sgd
369,7,10,0.2675688396319747,0.2915061129728953,0.9254791666666666,0.9161666666666667,MLPZero,0.01,32,sgd
370,7,11,0.2656770566528042,0.2897242881059647,0.9269583333333333,0.9183333333333333,MLPZero,0.01,32,sgd
371,7,12,0.26375749437883494,0.28927045870820683,0.9264166666666667,0.9168333333333333,MLPZero,0.01,32,sgd
372,7,13,0.262023813513418,0.28936357753972214,0.9272083333333333,0.9161666666666667,MLPZero,0.01,32,sgd
373,7,14,0.2603302540630102,0.2878178801437219,0.927875,0.9166666666666666,MLPZero,0.01,32,sgd
374,7,15,0.25920705520610016,0.289534031594793,0.9284166666666667,0.9165,MLPZero,0.01,32,sgd
375,7,16,0.25832027207439145,0.2863985206484795,0.9284166666666667,0.9156666666666666,MLPZero,0.01,32,sgd
376,7,17,0.25676130019500853,0.286281945814689,0.9287291666666667,0.91625,MLPZero,0.01,32,sgd
377,7,18,0.255790880586952,0.2853311370909214,0.9294791666666666,0.9165833333333333,MLPZero,0.01,32,sgd
378,7,19,0.2551479219794273,0.28616734558840595,0.9295208333333334,0.9179166666666667,MLPZero,0.01,32,sgd
379,7,20,0.25426487357045213,0.28548719505469006,0.9291458333333333,0.91675,MLPZero,0.01,32,sgd
380,7,21,0.2532605256388585,0.2879638493160407,0.9310416666666667,0.9165,MLPZero,0.01,32,sgd
381,7,22,0.2518780770103137,0.28701289774974187,0.9302708333333334,0.9180833333333334,MLPZero,0.01,32,sgd
382,7,23,0.25183765199780467,0.28699472211301325,0.9301666666666667,0.9181666666666667,MLPZero,0.01,32,sgd
383,7,24,0.2508211368955672,0.2884685722738504,0.931,0.918,MLPZero,0.01,32,sgd
384,7,25,0.25054635835563144,0.28669790289302666,0.9299583333333333,0.9175,MLPZero,0.01,32,sgd
385,7,26,0.24931638137747844,0.2876786286979914,0.9308125,0.91825,MLPZero,0.01,32,sgd
386,7,27,0.24905903296420973,0.2868218635618687,0.9316458333333333,0.9149166666666667,MLPZero,0.01,32,sgd
387,7,28,0.24815447077155114,0.28575834339360395,0.9313958333333333,0.918,MLPZero,0.01,32,sgd
388,7,29,0.24758930700396498,0.2876776088277499,0.9317291666666667,0.9174166666666667,MLPZero,0.01,32,sgd
389,7,30,0.24693957335253555,0.28630107472340266,0.9318333333333333,0.9178333333333333,MLPZero,0.01,32,sgd
390,7,31,0.24651854853332042,0.2879437506000201,0.9319791666666667,0.9171666666666667,MLPZero,0.01,32,sgd
391,7,32,0.24622050701081752,0.2852182727108399,0.932625,0.91925,MLPZero,0.01,32,sgd
392,7,33,0.24559874919305244,0.28505213325222334,0.93225,0.9185833333333333,MLPZero,0.01,32,sgd
393,7,34,0.24488468991344173,0.28617366127173105,0.932125,0.9175,MLPZero,0.01,32,sgd
394,7,35,0.24455737982566159,0.2901346124410629,0.9325416666666667,0.9164166666666667,MLPZero,0.01,32,sgd
395,7,36,0.24434235312913855,0.28667698357005916,0.9324166666666667,0.9180833333333334,MLPZero,0.01,32,sgd
396,7,37,0.24329545962934693,0.2891529299070438,0.9325208333333334,0.9165,MLPZero,0.01,32,sgd
397,7,38,0.2434852480739355,0.2860000683665276,0.9333541666666667,0.91925,MLPZero,0.01,32,sgd
398,7,39,0.24302508978794019,0.28785403054952624,0.9331875,0.9173333333333333,MLPZero,0.01,32,sgd
399,7,40,0.24245145405953128,0.2884339034507672,0.933125,0.918,MLPZero,0.01,32,sgd
400,7,41,0.24208354747792085,0.28636664559940495,0.933375,0.9175833333333333,MLPZero,0.01,32,sgd
401,7,42,0.24194064201538762,0.2865343107879162,0.9325833333333333,0.91825,MLPZero,0.01,32,sgd
402,7,43,0.24132540554801624,0.2856236280550559,0.9339375,0.9181666666666667,MLPZero,0.01,32,sgd
403,7,44,0.24119690804307659,0.2885191000799338,0.9329375,0.9175833333333333,MLPZero,0.01,32,sgd
404,7,45,0.24060783985629677,0.2872140288054943,0.9333958333333333,0.9184166666666667,MLPZero,0.01,32,sgd
405,7,46,0.24039871716126798,0.28775090717772644,0.9335208333333334,0.91825,MLPZero,0.01,32,sgd
406,7,47,0.23982621935134132,0.28901804780960083,0.93425,0.9176666666666666,MLPZero,0.01,32,sgd
407,7,48,0.239904727678746,0.2867805411567291,0.9334166666666667,0.9185833333333333,MLPZero,0.01,32,sgd
408,7,49,0.2393531716366609,0.2880548937022686,0.9332291666666667,0.9165,MLPZero,0.01,32,sgd
409,7,50,0.23909378870452444,0.28941880095501743,0.9346875,0.9176666666666666,MLPZero,0.01,32,sgd
410,7,51,0.2389147771038115,0.2880388041138649,0.9342916666666666,0.918,MLPZero,0.01,32,sgd
411,7,52,0.23816605759163698,0.28778803545236586,0.9337916666666667,0.918,MLPZero,0.01,32,sgd
412,7,53,0.23811832686389486,0.2886503142168125,0.9347083333333334,0.917,MLPZero,0.01,32,sgd
413,7,54,0.23794800833364327,0.28803501527011394,0.9345,0.917,MLPZero,0.01,32,sgd
414,7,55,0.23762367691844702,0.2886832356651624,0.9344375,0.9169166666666667,MLPZero,0.01,32,sgd
415,7,56,0.23728910630444686,0.28987601776917776,0.9345833333333333,0.9171666666666667,MLPZero,0.01,32,sgd
416,7,57,0.23743697613105177,0.2920531587302685,0.9347291666666667,0.91625,MLPZero,0.01,32,sgd
417,7,58,0.23689512785027425,0.2899365969598293,0.9344166666666667,0.9175,MLPZero,0.01,32,sgd
418,7,59,0.2368013328462839,0.28982410409549875,0.9346875,0.9170833333333334,MLPZero,0.01,32,sgd
419,7,60,0.23651504321396352,0.28912779670953753,0.9347916666666667,0.9165,MLPZero,0.01,32,sgd
420,8,1,0.49759803611040115,0.36772825344403587,0.868125,0.8920833333333333,MLPZero,0.01,64,sgd
421,8,2,0.3425637115041415,0.33332129987080894,0.903625,0.9038333333333334,MLPZero,0.01,64,sgd
422,8,3,0.31813277846574783,0.31934882497787476,0.9095625,0.905,MLPZero,0.01,64,sgd
423,8,4,0.3055689840912819,0.3136584576368332,0.9145416666666667,0.905,MLPZero,0.01,64,sgd
424,8,5,0.2973802047570546,0.30773221437136333,0.9160625,0.9086666666666666,MLPZero,0.01,64,sgd
425,8,6,0.2913003630240758,0.30448196073373157,0.9178125,0.9096666666666666,MLPZero,0.01,64,sgd
426,8,7,0.2868451795677344,0.30074014337857563,0.9201875,0.9123333333333333,MLPZero,0.01,64,sgd
427,8,8,0.2832126769721508,0.29775633267561596,0.9213125,0.9124166666666667,MLPZero,0.01,64,sgd
428,8,9,0.2798534441938003,0.2980303170283635,0.92225,0.9125,MLPZero,0.01,64,sgd
429,8,10,0.2772102445562681,0.29454976050059,0.9227708333333333,0.9148333333333334,MLPZero,0.01,64,sgd
430,8,11,0.2750461097061634,0.293778582572937,0.9237291666666667,0.9129166666666667,MLPZero,0.01,64,sgd
431,8,12,0.27326377962032955,0.2924148370027542,0.924,0.9134166666666667,MLPZero,0.01,64,sgd
432,8,13,0.2712477758427461,0.29188793806234997,0.9248541666666666,0.9146666666666666,MLPZero,0.01,64,sgd
433,8,14,0.26962025996049244,0.29178011016050975,0.9254166666666667,0.9129166666666667,MLPZero,0.01,64,sgd
434,8,15,0.26823948249220847,0.28993743578592934,0.926,0.914,MLPZero,0.01,64,sgd
435,8,16,0.2668787468969822,0.28896018461386364,0.9265,0.9145,MLPZero,0.01,64,sgd
436,8,17,0.2654192893306414,0.291149578889211,0.926875,0.9141666666666667,MLPZero,0.01,64,sgd
437,8,18,0.26444158393641315,0.288167795697848,0.927125,0.9165,MLPZero,0.01,64,sgd
438,8,19,0.26332202285031475,0.2870467979510625,0.9268541666666666,0.9149166666666667,MLPZero,0.01,64,sgd
439,8,20,0.2621624245246251,0.28921106906731925,0.9277083333333334,0.9149166666666667,MLPZero,0.01,64,sgd
440,8,21,0.26106812327106793,0.2878784939050674,0.9279166666666666,0.9165,MLPZero,0.01,64,sgd
441,8,22,0.26043352923790614,0.2877437164783478,0.9279791666666667,0.916,MLPZero,0.01,64,sgd
442,8,23,0.25944811070958773,0.28823411174615227,0.9281458333333333,0.916,MLPZero,0.01,64,sgd
443,8,24,0.2586953897227844,0.28571156338850656,0.92825,0.9168333333333333,MLPZero,0.01,64,sgd
444,8,25,0.25799461983640987,0.28590895915031433,0.92825,0.91725,MLPZero,0.01,64,sgd
445,8,26,0.25713422004381814,0.286624014933904,0.9284375,0.9176666666666666,MLPZero,0.01,64,sgd
446,8,27,0.2565598299702009,0.2858799018462499,0.92925,0.9160833333333334,MLPZero,0.01,64,sgd
447,8,28,0.25590221091608206,0.2841469629208247,0.9296041666666667,0.9169166666666667,MLPZero,0.01,64,sgd
448,8,29,0.2553113590578238,0.28465633539358776,0.9299166666666666,0.9173333333333333,MLPZero,0.01,64,sgd
449,8,30,0.2543577321966489,0.28662533152103425,0.9298125,0.91575,MLPZero,0.01,64,sgd
450,8,31,0.2542181562781334,0.28461884570121765,0.9293125,0.9176666666666666,MLPZero,0.01,64,sgd
451,8,32,0.25358024166027704,0.284968883395195,0.9294791666666666,0.9165833333333333,MLPZero,0.01,64,sgd
452,8,33,0.25303489475448926,0.2843545051415761,0.9304791666666666,0.9188333333333333,MLPZero,0.01,64,sgd
453,8,34,0.2523736384610335,0.28490530494848887,0.9298125,0.916,MLPZero,0.01,64,sgd
454,8,35,0.25182984438041844,0.2844618722200394,0.9305208333333334,0.9179166666666667,MLPZero,0.01,64,sgd
455,8,36,0.25134638883173466,0.2839907559553782,0.931,0.9168333333333333,MLPZero,0.01,64,sgd
456,8,37,0.2509180499712626,0.2853898458878199,0.9309166666666666,0.9175833333333333,MLPZero,0.01,64,sgd
457,8,38,0.25051512947678567,0.28356228895982105,0.9309583333333333,0.9173333333333333,MLPZero,0.01,64,sgd
458,8,39,0.2499221792370081,0.28445216274261476,0.9308333333333333,0.9168333333333333,MLPZero,0.01,64,sgd
459,8,40,0.24950086219112078,0.28633274014790855,0.9309166666666666,0.9174166666666667,MLPZero,0.01,64,sgd
460,8,41,0.2491907279441754,0.2835297536452611,0.9314583333333334,0.9181666666666667,MLPZero,0.01,64,sgd
461,8,42,0.2487452173680067,0.2841258075237274,0.9312291666666667,0.9176666666666666,MLPZero,0.01,64,sgd
462,8,43,0.24840058910350005,0.28510545019308725,0.9316458333333333,0.9181666666666667,MLPZero,0.01,64,sgd
463,8,44,0.2479596568842729,0.2840589386622111,0.932,0.9175,MLPZero,0.01,64,sgd
464,8,45,0.24759178774555524,0.28422304399808246,0.9320625,0.9185,MLPZero,0.01,64,sgd
465,8,46,0.24706361449261507,0.2843378473917643,0.9323541666666667,0.9166666666666666,MLPZero,0.01,64,sgd
466,8,47,0.24682527085145314,0.2860188101530075,0.9324166666666667,0.9159166666666667,MLPZero,0.01,64,sgd
467,8,48,0.24654850576321283,0.2844059652884801,0.9324375,0.9165833333333333,MLPZero,0.01,64,sgd
468,8,49,0.24623746207356453,0.2827633517583211,0.9321458333333333,0.9184166666666667,MLPZero,0.01,64,sgd
469,8,50,0.24581402451793352,0.28552173999945324,0.932125,0.917,MLPZero,0.01,64,sgd
470,8,51,0.24537941764295101,0.2851206814845403,0.9326458333333333,0.91675,MLPZero,0.01,64,sgd
471,8,52,0.24508376721541086,0.2855840245485306,0.932875,0.9164166666666667,MLPZero,0.01,64,sgd
472,8,53,0.24482953324417273,0.284819793065389,0.9325833333333333,0.919,MLPZero,0.01,64,sgd
473,8,54,0.24476497685412565,0.2836174403826396,0.9330625,0.9176666666666666,MLPZero,0.01,64,sgd
474,8,55,0.24420161373416582,0.2842292862733205,0.9324375,0.9171666666666667,MLPZero,0.01,64,sgd
475,8,56,0.24420444981753825,0.28541829947630565,0.9331041666666666,0.918,MLPZero,0.01,64,sgd
476,8,57,0.24385829279323418,0.28506596263249717,0.9333541666666667,0.9174166666666667,MLPZero,0.01,64,sgd
477,8,58,0.24328438249230386,0.28630521647135415,0.9331041666666666,0.9165,MLPZero,0.01,64,sgd
478,8,59,0.24326743203401566,0.2839633334875107,0.9337708333333333,0.9184166666666667,MLPZero,0.01,64,sgd
479,8,60,0.2427924368182818,0.2839159363905589,0.9331666666666667,0.9176666666666666,MLPZero,0.01,64,sgd
480,9,1,0.36854792621483407,0.3266674186686675,0.89275,0.9024166666666666,MLPZero,0.05,32,sgd
481,9,2,0.31224570494766035,0.31532739382982256,0.9117916666666667,0.9094166666666667,MLPZero,0.05,32,sgd
482,9,3,0.3008367584732672,0.31618824433286985,0.9156041666666667,0.90925,MLPZero,0.05,32,sgd
483,9,4,0.29246959136178097,0.314459630087018,0.9185416666666667,0.9090833333333334,MLPZero,0.05,32,sgd
484,9,5,0.2873574779263387,0.32232915428777537,0.9197291666666667,0.9064166666666666,MLPZero,0.05,32,sgd
485,9,6,0.2851751023369531,0.3475044862627983,0.9210625,0.8976666666666666,MLPZero,0.05,32,sgd
486,9,7,0.2805942073861758,0.3197518799751997,0.92125,0.90925,MLPZero,0.05,32,sgd
487,9,8,0.27886279557148613,0.3282268018871546,0.9227916666666667,0.9073333333333333,MLPZero,0.05,32,sgd
488,9,9,0.27570697973979014,0.3200581521987915,0.9231041666666666,0.9116666666666666,MLPZero,0.05,32,sgd
489,9,10,0.2744476316384971,0.3171696507136027,0.9233125,0.9095833333333333,MLPZero,0.05,32,sgd
490,9,11,0.27370187048179406,0.3067126251409451,0.9236041666666667,0.9133333333333333,MLPZero,0.05,32,sgd
491,9,12,0.2709253213231762,0.30999710045258205,0.9251666666666667,0.91475,MLPZero,0.05,32,sgd
492,9,13,0.27034581514572104,0.3284219930867354,0.9245,0.90925,MLPZero,0.05,32,sgd
493,9,14,0.26980942551543313,0.3059828129361073,0.9237916666666667,0.9143333333333333,MLPZero,0.05,32,sgd
494,9,15,0.2683523168961207,0.32893169093628727,0.9255625,0.9093333333333333,MLPZero,0.05,32,sgd
495,9,16,0.2682595361483594,0.3257474128007889,0.9254791666666666,0.9081666666666667,MLPZero,0.05,32,sgd
496,9,17,0.2671987561993301,0.34893608767787615,0.9252083333333333,0.8994166666666666,MLPZero,0.05,32,sgd
497,9,18,0.2661224039979279,0.3319322121342023,0.9258125,0.9035,MLPZero,0.05,32,sgd
498,9,19,0.264487660497427,0.3255211570064227,0.9257708333333333,0.90875,MLPZero,0.05,32,sgd
499,9,20,0.2628375695447127,0.32104061238467696,0.92625,0.909,MLPZero,0.05,32,sgd
500,9,21,0.2636817271349331,0.32577184684574606,0.9259791666666667,0.9106666666666666,MLPZero,0.05,32,sgd
501,9,22,0.26278323197613157,0.32451830982168517,0.9264791666666666,0.9110833333333334,MLPZero,0.05,32,sgd
502,9,23,0.26111773753911255,0.32387824419140815,0.9281458333333333,0.908,MLPZero,0.05,32,sgd
503,9,24,0.260228198868533,0.31547932787736255,0.9273333333333333,0.9124166666666667,MLPZero,0.05,32,sgd
504,9,25,0.26010288278882704,0.3216753815909227,0.9277291666666667,0.9115,MLPZero,0.05,32,sgd
505,9,26,0.2604147619617482,0.32345553843677044,0.9261875,0.9081666666666667,MLPZero,0.05,32,sgd
506,9,27,0.2603003750940164,0.3409272939264774,0.9270833333333334,0.9043333333333333,MLPZero,0.05,32,sgd
507,9,28,0.2593982142539074,0.32892585688332715,0.9275416666666667,0.9049166666666667,MLPZero,0.05,32,sgd
508,9,29,0.25864020142455896,0.3333083721597989,0.9278958333333334,0.9064166666666666,MLPZero,0.05,32,sgd
509,9,30,0.2586274784884105,0.3294489560474952,0.928625,0.9095,MLPZero,0.05,32,sgd
510,9,31,0.2586303958867987,0.32259681984285515,0.9276666666666666,0.90975,MLPZero,0.05,32,sgd
511,9,32,0.25739539091475305,0.32991107139488063,0.9273125,0.9088333333333334,MLPZero,0.05,32,sgd
512,9,33,0.2561510472850253,0.34839674544582766,0.9294166666666667,0.9045833333333333,MLPZero,0.05,32,sgd
513,9,34,0.2577001272812486,0.32691783167918526,0.9280416666666667,0.9113333333333333,MLPZero,0.05,32,sgd
514,9,35,0.2552312873241802,0.32327019032835963,0.928375,0.9114166666666667,MLPZero,0.05,32,sgd
515,9,36,0.25563623482113085,0.3261723999952277,0.9281041666666666,0.9110833333333334,MLPZero,0.05,32,sgd
516,9,37,0.2550053759291768,0.33536893713474275,0.9285833333333333,0.9070833333333334,MLPZero,0.05,32,sgd
517,9,38,0.25545546298722427,0.33741287091374395,0.9276875,0.9075833333333333,MLPZero,0.05,32,sgd
518,9,39,0.2545225682159265,0.3475258809874455,0.9279375,0.90675,MLPZero,0.05,32,sgd
519,9,40,0.25467253945147,0.324929343521595,0.9289375,0.9106666666666666,MLPZero,0.05,32,sgd
520,9,41,0.2542179908702771,0.3425687927951415,0.9290833333333334,0.90825,MLPZero,0.05,32,sgd
521,9,42,0.25443724615499375,0.33555024922887483,0.9282708333333334,0.9084166666666667,MLPZero,0.05,32,sgd
522,9,43,0.25409117915605506,0.3358106310665607,0.9292291666666667,0.91075,MLPZero,0.05,32,sgd
523,9,44,0.25206834031827746,0.34268225482106207,0.9290416666666667,0.9096666666666666,MLPZero,0.05,32,sgd
524,9,45,0.2539132830500603,0.34234919827679794,0.9286458333333333,0.9100833333333334,MLPZero,0.05,32,sgd
525,9,46,0.2528775928393006,0.345208886474371,0.9288125,0.9063333333333333,MLPZero,0.05,32,sgd
526,9,47,0.25213026036446295,0.35233380282918614,0.9293333333333333,0.905,MLPZero,0.05,32,sgd
527,9,48,0.2519801656212658,0.33212835546334585,0.9287083333333334,0.9094166666666667,MLPZero,0.05,32,sgd
528,9,49,0.25115965921804306,0.37336617555717627,0.9294791666666666,0.89825,MLPZero,0.05,32,sgd
529,9,50,0.2515757232774049,0.33492297898977996,0.9287083333333334,0.9088333333333334,MLPZero,0.05,32,sgd
530,9,51,0.25186685292919475,0.34439584296941755,0.9285208333333334,0.9088333333333334,MLPZero,0.05,32,sgd
531,9,52,0.25136599149927497,0.3544608215391636,0.9302291666666667,0.9065833333333333,MLPZero,0.05,32,sgd
532,9,53,0.2516439807799955,0.3425067543933789,0.9293125,0.9075,MLPZero,0.05,32,sgd
533,9,54,0.25228201122333604,0.3523745212753614,0.928,0.9055,MLPZero,0.05,32,sgd
534,9,55,0.2503698005353411,0.32976222573717434,0.9304791666666666,0.9109166666666667,MLPZero,0.05,32,sgd
535,9,56,0.2511667432735364,0.34106817688544594,0.9288958333333334,0.9080833333333334,MLPZero,0.05,32,sgd
536,9,57,0.2499391174837947,0.3429338002502918,0.9293958333333333,0.9068333333333334,MLPZero,0.05,32,sgd
537,9,58,0.25014219831426937,0.3320767051130533,0.93,0.9103333333333333,MLPZero,0.05,32,sgd
538,9,59,0.24935845857672392,0.3418080911238988,0.9296458333333333,0.90775,MLPZero,0.05,32,sgd
539,9,60,0.24963180595015486,0.33684832585354646,0.9301041666666666,0.9103333333333333,MLPZero,0.05,32,sgd
540,10,1,0.37659027763207753,0.3189593860308329,0.8922291666666666,0.9095,MLPZero,0.05,64,sgd
541,10,2,0.30334035098552703,0.3044708394606908,0.9141666666666667,0.9079166666666667,MLPZero,0.05,64,sgd
542,10,3,0.290486254632473,0.2983862685759862,0.9183333333333333,0.91175,MLPZero,0.05,64,sgd
543,10,4,0.28288705172141393,0.3066539051532745,0.9204166666666667,0.909,MLPZero,0.05,64,sgd
544,10,5,0.27746497501432893,0.2941537485917409,0.923125,0.91575,MLPZero,0.05,64,sgd
545,10,6,0.2734845352768898,0.30572966651121775,0.9242291666666667,0.9111666666666667,MLPZero,0.05,64,sgd
546,10,7,0.27061961819728214,0.29353223903973896,0.9248958333333334,0.9139166666666667,MLPZero,0.05,64,sgd
547,10,8,0.2678468908071518,0.29325376160939537,0.9254166666666667,0.916,MLPZero,0.05,64,sgd
548,10,9,0.26617847761015095,0.2906978203455607,0.925625,0.9164166666666667,MLPZero,0.05,64,sgd
549,10,10,0.2640056781272093,0.29739145084222157,0.925875,0.9131666666666667,MLPZero,0.05,64,sgd
550,10,11,0.26200812044739724,0.2995111280282338,0.9269583333333333,0.9129166666666667,MLPZero,0.05,64,sgd
551,10,12,0.2602810157587131,0.2950079381863276,0.9277291666666667,0.9166666666666666,MLPZero,0.05,64,sgd
552,10,13,0.2590899371306101,0.29340281303723653,0.9280208333333333,0.9146666666666666,MLPZero,0.05,64,sgd
553,10,14,0.2572700844804446,0.2967177670399348,0.9283958333333333,0.9126666666666666,MLPZero,0.05,64,sgd
554,10,15,0.2567115278840065,0.30496895805994667,0.9293541666666667,0.912,MLPZero,0.05,64,sgd
555,10,16,0.2558396984388431,0.2992397572994232,0.9280833333333334,0.9133333333333333,MLPZero,0.05,64,sgd
556,10,17,0.25538682864109674,0.2924666151603063,0.92775,0.9155833333333333,MLPZero,0.05,64,sgd
557,10,18,0.25355514850715793,0.29812087571620943,0.9296666666666666,0.9140833333333334,MLPZero,0.05,64,sgd
558,10,19,0.25291949065526326,0.2903899994691213,0.9297708333333333,0.9170833333333334,MLPZero,0.05,64,sgd
559,10,20,0.2514367630084356,0.30281570688883463,0.9296666666666666,0.9136666666666666,MLPZero,0.05,64,sgd
560,10,21,0.25159198287129403,0.3052640293041865,0.9298541666666666,0.9115,MLPZero,0.05,64,sgd
561,10,22,0.25048971332609654,0.30064903394381204,0.9298125,0.91275,MLPZero,0.05,64,sgd
562,10,23,0.24904154853522778,0.29367847859859464,0.9309791666666667,0.9168333333333333,MLPZero,0.05,64,sgd
563,10,24,0.24950069497028987,0.2972271584669749,0.9303125,0.9145,MLPZero,0.05,64,sgd
564,10,25,0.24916095123191676,0.2935415711402893,0.9308125,0.91625,MLPZero,0.05,64,sgd
565,10,26,0.24710141279300055,0.29626717138290404,0.93225,0.9141666666666667,MLPZero,0.05,64,sgd
566,10,27,0.24698388361434143,0.3001835282246272,0.931125,0.9126666666666666,MLPZero,0.05,64,sgd
567,10,28,0.2469098856995503,0.3030103516976039,0.9314791666666666,0.9136666666666666,MLPZero,0.05,64,sgd
568,10,29,0.2467844677120447,0.3087647142410278,0.9310833333333334,0.91075,MLPZero,0.05,64,sgd
569,10,30,0.24604580782353877,0.3033185846805572,0.9314166666666667,0.9119166666666667,MLPZero,0.05,64,sgd
570,10,31,0.24531203622122605,0.30394434873263043,0.9318125,0.9123333333333333,MLPZero,0.05,64,sgd
571,10,32,0.24446987296640874,0.30113002435366315,0.9319791666666667,0.9158333333333334,MLPZero,0.05,64,sgd
572,10,33,0.2444911877512932,0.3003485404253006,0.932,0.91525,MLPZero,0.05,64,sgd
573,10,34,0.24388814037541548,0.30408055424690245,0.933,0.9135833333333333,MLPZero,0.05,64,sgd
574,10,35,0.24337623520195484,0.30628936358292896,0.9320416666666667,0.9105,MLPZero,0.05,64,sgd
575,10,36,0.243444118005534,0.30031826611359913,0.9322708333333334,0.9153333333333333,MLPZero,0.05,64,sgd
576,10,37,0.24263672316571078,0.3003528648217519,0.931,0.9171666666666667,MLPZero,0.05,64,sgd
577,10,38,0.24180453593780596,0.3060480171442032,0.9327916666666667,0.9133333333333333,MLPZero,0.05,64,sgd
578,10,39,0.24248562826464573,0.30106705129146577,0.9332708333333334,0.9131666666666667,MLPZero,0.05,64,sgd
579,10,40,0.24136276795963446,0.3042337192694346,0.9323541666666667,0.9135833333333333,MLPZero,0.05,64,sgd
580,10,41,0.24152389312535524,0.31247081236044566,0.9325416666666667,0.9086666666666666,MLPZero,0.05,64,sgd
581,10,42,0.24074975037078064,0.30390568685531616,0.9337083333333334,0.9141666666666667,MLPZero,0.05,64,sgd
582,10,43,0.24107439799110095,0.30303022984663647,0.9323541666666667,0.9130833333333334,MLPZero,0.05,64,sgd
583,10,44,0.24072616096834343,0.30915032080809274,0.93375,0.9131666666666667,MLPZero,0.05,64,sgd
584,10,45,0.23965456698834897,0.3065274384419123,0.9337083333333334,0.9135,MLPZero,0.05,64,sgd
585,10,46,0.23978635125855605,0.30721361716588336,0.9328333333333333,0.914,MLPZero,0.05,64,sgd
586,10,47,0.239410363321503,0.3027536325454712,0.9322083333333333,0.9168333333333333,MLPZero,0.05,64,sgd
587,10,48,0.23964335213104884,0.30456623005867006,0.9333541666666667,0.9136666666666666,MLPZero,0.05,64,sgd
588,10,49,0.2391687773168087,0.3062652547359467,0.9334791666666666,0.9144166666666667,MLPZero,0.05,64,sgd
589,10,50,0.23832866660753885,0.3087016214529673,0.9338958333333334,0.9118333333333334,MLPZero,0.05,64,sgd
590,10,51,0.23828594884773097,0.3048214587767919,0.9337916666666667,0.915,MLPZero,0.05,64,sgd
591,10,52,0.23781806660195193,0.30290007050832113,0.9338333333333333,0.9144166666666667,MLPZero,0.05,64,sgd
592,10,53,0.23793579304714998,0.30958620774745943,0.9338125,0.9151666666666667,MLPZero,0.05,64,sgd
593,10,54,0.2372119319687287,0.3058691776196162,0.9335833333333333,0.9149166666666667,MLPZero,0.05,64,sgd
594,10,55,0.2374495224058628,0.30999057078361514,0.9345,0.915,MLPZero,0.05,64,sgd
595,10,56,0.23744872827827931,0.3075865494410197,0.9337708333333333,0.9139166666666667,MLPZero,0.05,64,sgd
596,10,57,0.23668314590553444,0.3066942757368088,0.9335416666666667,0.9134166666666667,MLPZero,0.05,64,sgd
597,10,58,0.23614633964995543,0.31038763193289437,0.9339166666666666,0.9139166666666667,MLPZero,0.05,64,sgd
598,10,59,0.23679432688653468,0.30979772794246674,0.9340416666666667,0.91375,MLPZero,0.05,64,sgd
599,10,60,0.23708995308478673,0.31282418088118236,0.9331875,0.91175,MLPZero,0.05,64,sgd
600,11,1,0.4248773268436392,0.37466972214976946,0.8798541666666667,0.8935833333333333,MLPZero,0.1,32,sgd
601,11,2,0.36692202210550506,0.34251402301589645,0.9010833333333333,0.9106666666666666,MLPZero,0.1,32,sgd
602,11,3,0.3544095310078313,0.350216343720754,0.9043125,0.9058333333333334,MLPZero,0.1,32,sgd
603,11,4,0.34713098778824014,0.39247001881400745,0.9070416666666666,0.9034166666666666,MLPZero,0.1,32,sgd
604,11,5,0.3411726060292373,0.36113650450110435,0.9085,0.9046666666666666,MLPZero,0.1,32,sgd
605,11,6,0.33976241802051665,0.3647595416456461,0.90975,0.9070833333333334,MLPZero,0.1,32,sgd
606,11,7,0.33382092338924607,0.36763245999564725,0.909625,0.9069166666666667,MLPZero,0.1,32,sgd
607,11,8,0.3319888253460328,0.36470317826171716,0.9111458333333333,0.90525,MLPZero,0.1,32,sgd
608,11,9,0.32663267176474137,0.39232063460846744,0.9130625,0.8988333333333334,MLPZero,0.1,32,sgd
609,11,10,0.3270551842606316,0.3696358300745487,0.9127916666666667,0.902,MLPZero,0.1,32,sgd
610,11,11,0.3260673494202395,0.3941038969755173,0.9130416666666666,0.8975,MLPZero,0.1,32,sgd
611,11,12,0.32540715451103946,0.4208532640611132,0.9127708333333333,0.8924166666666666,MLPZero,0.1,32,sgd
612,11,13,0.3253269664744536,0.4381798219879468,0.9134583333333334,0.8821666666666667,MLPZero,0.1,32,sgd
613,11,14,0.3197728151685248,0.4013528493146102,0.9153333333333333,0.8965833333333333,MLPZero,0.1,32,sgd
614,11,15,0.31922879231596984,0.3719775571078062,0.9138333333333334,0.9034166666666666,MLPZero,0.1,32,sgd
615,11,16,0.3155939517406126,0.38269311004132034,0.9154791666666666,0.9026666666666666,MLPZero,0.1,32,sgd
616,11,17,0.31897045514794686,0.42513952104747293,0.9144583333333334,0.89325,MLPZero,0.1,32,sgd
617,11,18,0.31931276141044995,0.39088326776524385,0.9143125,0.903,MLPZero,0.1,32,sgd
618,11,19,0.3167245556501051,0.4046401907304923,0.9153333333333333,0.8983333333333333,MLPZero,0.1,32,sgd
619,11,20,0.31723941610381007,0.39740229927500087,0.915375,0.9004166666666666,MLPZero,0.1,32,sgd
620,11,21,0.31161199969860415,0.3893938210258881,0.9168541666666666,0.9055833333333333,MLPZero,0.1,32,sgd
621,11,22,0.31455623267032207,0.4404612831324339,0.9153541666666667,0.8898333333333334,MLPZero,0.1,32,sgd
622,11,23,0.31198420690372586,0.40842529518653947,0.9169166666666667,0.8991666666666667,MLPZero,0.1,32,sgd
623,11,24,0.3115574082611129,0.40433675463000934,0.9176875,0.897,MLPZero,0.1,32,sgd
624,11,25,0.3110946234675745,0.39592362761994204,0.9180416666666666,0.8991666666666667,MLPZero,0.1,32,sgd
625,11,26,0.31549174788656337,0.3821258425513903,0.915,0.9058333333333334,MLPZero,0.1,32,sgd
626,11,27,0.3121650722697377,0.4154888077179591,0.9164791666666666,0.8999166666666667,MLPZero,0.1,32,sgd
627,11,28,0.30983456849803526,0.40042911738405623,0.9172708333333334,0.9029166666666667,MLPZero,0.1,32,sgd
628,11,29,0.3079969913822909,0.39573015101999043,0.9174791666666666,0.90225,MLPZero,0.1,32,sgd
629,11,30,0.3075859544078509,0.4009303478648265,0.9182083333333333,0.90375,MLPZero,0.1,32,sgd
630,11,31,0.3114090896888326,0.3936493438482285,0.9155,0.90525,MLPZero,0.1,32,sgd
631,11,32,0.3076337204792847,0.4024339223255714,0.9175625,0.9025833333333333,MLPZero,0.1,32,sgd
632,11,33,0.3092214868394658,0.3904900597135226,0.9173541666666667,0.908,MLPZero,0.1,32,sgd
633,11,34,0.3072663481192042,0.4162665350238482,0.9182916666666666,0.8975833333333333,MLPZero,0.1,32,sgd
634,11,35,0.30812732559007905,0.42231127167244753,0.9175833333333333,0.8971666666666667,MLPZero,0.1,32,sgd
635,11,36,0.30478806927676,0.4360989029506842,0.9188958333333334,0.8901666666666667,MLPZero,0.1,32,sgd
636,11,37,0.30477730493123334,0.419956486860911,0.918125,0.8956666666666667,MLPZero,0.1,32,sgd
637,11,38,0.30565132937021555,0.42563947283973297,0.9181666666666667,0.8974166666666666,MLPZero,0.1,32,sgd
638,11,39,0.30735260107399276,0.4509755009363095,0.917625,0.88825,MLPZero,0.1,32,sgd
639,11,40,0.30634182712063196,0.4186202640334765,0.9178125,0.8996666666666666,MLPZero,0.1,32,sgd
640,11,41,0.30646605824492873,0.38877389527857303,0.917625,0.9058333333333334,MLPZero,0.1,32,sgd
641,11,42,0.30779663457535206,0.40087702237069606,0.9173541666666667,0.9033333333333333,MLPZero,0.1,32,sgd
642,11,43,0.30480723168483626,0.41888940052688123,0.9178958333333334,0.9014166666666666,MLPZero,0.1,32,sgd
643,11,44,0.3017920563854277,0.4082270828013619,0.9198125,0.9004166666666666,MLPZero,0.1,32,sgd
644,11,45,0.3049046248762558,0.40002856151511273,0.918125,0.9051666666666667,MLPZero,0.1,32,sgd
645,11,46,0.3045040801285456,0.40505660559485357,0.9177708333333333,0.9056666666666666,MLPZero,0.1,32,sgd
646,11,47,0.3072124551596741,0.42577094852427644,0.9170416666666666,0.8998333333333334,MLPZero,0.1,32,sgd
647,11,48,0.30560159102330603,0.5282140421966711,0.91825,0.8706666666666667,MLPZero,0.1,32,sgd
648,11,49,0.30215056194209805,0.3963509435256322,0.9189791666666667,0.9044166666666666,MLPZero,0.1,32,sgd
649,11,50,0.30157682799361646,0.45556094251573087,0.9193125,0.89275,MLPZero,0.1,32,sgd
650,11,51,0.30432089171061916,0.4007659734984239,0.91825,0.9050833333333334,MLPZero,0.1,32,sgd
651,11,52,0.3005574894361198,0.41031444194416206,0.91975,0.9041666666666667,MLPZero,0.1,32,sgd
652,11,53,0.3052238563876599,0.41412578101456166,0.9187916666666667,0.90275,MLPZero,0.1,32,sgd
653,11,54,0.3031589877897253,0.4141905946756403,0.91875,0.9035,MLPZero,0.1,32,sgd
654,11,55,0.3015155051688974,0.42323458601534364,0.9184583333333334,0.8985833333333333,MLPZero,0.1,32,sgd
655,11,56,0.30234352350234983,0.4121807771213353,0.9183541666666667,0.9018333333333334,MLPZero,0.1,32,sgd
656,11,57,0.29892988329101355,0.41667686628550293,0.9204375,0.9036666666666666,MLPZero,0.1,32,sgd
657,11,58,0.30065278308838606,0.4230150124033292,0.9185625,0.8991666666666667,MLPZero,0.1,32,sgd
658,11,59,0.3019210584508255,0.4182139531498154,0.9178125,0.9046666666666666,MLPZero,0.1,32,sgd
659,11,60,0.29854282494261863,0.40559771267324685,0.9208541666666666,0.9025833333333333,MLPZero,0.1,32,sgd
660,12,1,0.37813540654381117,0.3298568598826726,0.890875,0.90375,MLPZero,0.1,64,sgd
661,12,2,0.3158218457599481,0.318953825434049,0.9104583333333334,0.9074166666666666,MLPZero,0.1,64,sgd
662,12,3,0.30367651931444806,0.31646170528729756,0.9149375,0.9094166666666667,MLPZero,0.1,64,sgd
663,12,4,0.29781693714360397,0.3244623063802719,0.9156875,0.9080833333333334,MLPZero,0.1,64,sgd
664,12,5,0.29122500348091124,0.3091825193564097,0.9179791666666667,0.91325,MLPZero,0.1,64,sgd
665,12,6,0.28679863799611727,0.33521444217363994,0.919625,0.9031666666666667,MLPZero,0.1,64,sgd
666,12,7,0.2843729229867458,0.32076743388175966,0.9202916666666666,0.9104166666666667,MLPZero,0.1,64,sgd
667,12,8,0.28266888949275015,0.32046087606747947,0.92075,0.9089166666666667,MLPZero,0.1,64,sgd
668,12,9,0.2797718628247579,0.3090553802251816,0.9222291666666667,0.9130833333333334,MLPZero,0.1,64,sgd
669,12,10,0.27824963610370956,0.32700463219483694,0.9223958333333333,0.9096666666666666,MLPZero,0.1,64,sgd
670,12,11,0.2761830122520526,0.3142404905160268,0.9227291666666667,0.9109166666666667,MLPZero,0.1,64,sgd
671,12,12,0.2732735174894333,0.31884694715340933,0.9243541666666667,0.9100833333333334,MLPZero,0.1,64,sgd
672,12,13,0.2722589796334505,0.31665381145477295,0.9240208333333333,0.9095833333333333,MLPZero,0.1,64,sgd
673,12,14,0.2727173217982054,0.3450112660328547,0.9232291666666667,0.9010833333333333,MLPZero,0.1,64,sgd
674,12,15,0.2703170552055041,0.3155201272169749,0.9245416666666667,0.9108333333333334,MLPZero,0.1,64,sgd
675,12,16,0.26918555769324304,0.36432656236489613,0.9248541666666666,0.897,MLPZero,0.1,64,sgd
676,12,17,0.26956242342293263,0.32062558535734814,0.9245,0.9106666666666666,MLPZero,0.1,64,sgd
677,12,18,0.26803731109201906,0.35751287003358206,0.9252291666666667,0.9,MLPZero,0.1,64,sgd
678,12,19,0.26786032371719676,0.3374862018823624,0.9245416666666667,0.9031666666666667,MLPZero,0.1,64,sgd
679,12,20,0.2670286495784919,0.35581463591257734,0.9252083333333333,0.9011666666666667,MLPZero,0.1,64,sgd
680,12,21,0.26639667845269044,0.3300718990166982,0.9243541666666667,0.9081666666666667,MLPZero,0.1,64,sgd
681,12,22,0.264776759331425,0.32958622256914777,0.9257291666666667,0.9076666666666666,MLPZero,0.1,64,sgd
682,12,23,0.2645438112517198,0.3217755612929662,0.9268125,0.91125,MLPZero,0.1,64,sgd
683,12,24,0.26508166862527527,0.3339367229938507,0.9252708333333334,0.90825,MLPZero,0.1,64,sgd
684,12,25,0.26370706398288407,0.3429570356607437,0.924875,0.905,MLPZero,0.1,64,sgd
685,12,26,0.262725029801329,0.3392290791273117,0.9263958333333333,0.9035833333333333,MLPZero,0.1,64,sgd
686,12,27,0.26098846837381523,0.3321659789880117,0.9280416666666667,0.9074166666666666,MLPZero,0.1,64,sgd
687,12,28,0.26288189115623634,0.3291071645617485,0.9255625,0.90975,MLPZero,0.1,64,sgd
688,12,29,0.26150022610028584,0.3238477982282639,0.9258125,0.9089166666666667,MLPZero,0.1,64,sgd
689,12,30,0.2589013570447763,0.32762063093980154,0.9275,0.9099166666666667,MLPZero,0.1,64,sgd
690,12,31,0.2591346532727281,0.3349920208454132,0.9265833333333333,0.90975,MLPZero,0.1,64,sgd
691,12,32,0.2595609570145607,0.3484982161521912,0.9274583333333334,0.9023333333333333,MLPZero,0.1,64,sgd
692,12,33,0.25805381591121357,0.33121466914812725,0.9274791666666666,0.9090833333333334,MLPZero,0.1,64,sgd
693,12,34,0.259061647867163,0.36415751004219055,0.9266666666666666,0.8975,MLPZero,0.1,64,sgd
694,12,35,0.25997701758146285,0.375542676448822,0.9275,0.895,MLPZero,0.1,64,sgd
695,12,36,0.2577110524624586,0.33049129686752954,0.9264375,0.91025,MLPZero,0.1,64,sgd
696,12,37,0.25790765801568827,0.32051741071542106,0.9276041666666667,0.915,MLPZero,0.1,64,sgd
697,12,38,0.2574496893833081,0.3454986605246862,0.9277291666666667,0.9019166666666667,MLPZero,0.1,64,sgd
698,12,39,0.2569279203514258,0.3378115011056264,0.9275416666666667,0.9071666666666667,MLPZero,0.1,64,sgd
699,12,40,0.2568898573070765,0.3251032458543777,0.9274791666666666,0.9106666666666666,MLPZero,0.1,64,sgd
700,12,41,0.2556891989906629,0.34946262776851655,0.9272708333333334,0.906,MLPZero,0.1,64,sgd
701,12,42,0.25704685325920584,0.344315532207489,0.9276875,0.9053333333333333,MLPZero,0.1,64,sgd
702,12,43,0.2552499352544546,0.3374672818183899,0.928375,0.9101666666666667,MLPZero,0.1,64,sgd
703,12,44,0.25577149382730324,0.35032468028863273,0.9267708333333333,0.90575,MLPZero,0.1,64,sgd
704,12,45,0.25595402711133164,0.33418124624093376,0.9283333333333333,0.9085833333333333,MLPZero,0.1,64,sgd
705,12,46,0.25405516554911933,0.3404528947075208,0.9286041666666667,0.9068333333333334,MLPZero,0.1,64,sgd
706,12,47,0.25386661519110204,0.34153310481707255,0.9290416666666667,0.908,MLPZero,0.1,64,sgd
707,12,48,0.25500233033299446,0.3660187751452128,0.9280208333333333,0.9,MLPZero,0.1,64,sgd
708,12,49,0.2542996530632178,0.3391902817487717,0.9284166666666667,0.9081666666666667,MLPZero,0.1,64,sgd
709,12,50,0.25463114485144617,0.3355083284775416,0.9290625,0.91175,MLPZero,0.1,64,sgd
710,12,51,0.25407971149683,0.33660527257124584,0.9286041666666667,0.9115,MLPZero,0.1,64,sgd
711,12,52,0.2539378383209308,0.3409087905486425,0.9282708333333334,0.9083333333333333,MLPZero,0.1,64,sgd
712,12,53,0.2543318322102229,0.3486499231259028,0.9295416666666667,0.9071666666666667,MLPZero,0.1,64,sgd
713,12,54,0.25425502704580627,0.34574116988976794,0.9282291666666667,0.9075833333333333,MLPZero,0.1,64,sgd
714,12,55,0.25273699152469636,0.3320833428700765,0.9291666666666667,0.91175,MLPZero,0.1,64,sgd
715,12,56,0.25264583073556424,0.34269349118073783,0.93025,0.9075833333333333,MLPZero,0.1,64,sgd
716,12,57,0.25292365418871243,0.3568782600561778,0.9280416666666667,0.9030833333333333,MLPZero,0.1,64,sgd
717,12,58,0.25202990385890006,0.34703533971309664,0.928625,0.9089166666666667,MLPZero,0.1,64,sgd
718,12,59,0.250759000663956,0.3357642722527186,0.92925,0.9101666666666667,MLPZero,0.1,64,sgd
719,12,60,0.2534344108104706,0.3555152856508891,0.9293333333333333,0.9049166666666667,MLPZero,0.1,64,sgd
