,case,epoch,loss,val_loss,accuracy,val_accuracy,learning_rate,batch_size,optimizer,model
0,1,1,0.8085,0.661,0.78,0.8352,0.04,64,sgd,MLPOne
1,1,2,0.7147,0.5471,0.8131,0.872,0.04,64,sgd,MLPOne
2,1,3,0.6031,0.4893,0.8551,0.8973,0.04,64,sgd,MLPOne
3,1,4,0.5382,0.4549,0.8806,0.9116,0.04,64,sgd,MLPOne
4,1,5,0.4952,0.4316,0.8973,0.9214,0.04,64,sgd,MLPOne
5,1,6,0.464,0.4155,0.9094,0.9275,0.04,64,sgd,MLPOne
6,1,7,0.4401,0.4022,0.9186,0.9329,0.04,64,sgd,MLPOne
7,1,8,0.421,0.3913,0.9259,0.9374,0.04,64,sgd,MLPOne
8,1,9,0.4052,0.3826,0.9319,0.9411,0.04,64,sgd,MLPOne
9,1,10,0.3921,0.3751,0.9369,0.9443,0.04,64,sgd,MLPOne
10,1,11,0.3808,0.3687,0.9412,0.9469,0.04,64,sgd,MLPOne
11,1,12,0.3711,0.3634,0.9449,0.9493,0.04,64,sgd,MLPOne
12,1,13,0.3625,0.3586,0.9482,0.9512,0.04,64,sgd,MLPOne
13,1,14,0.3549,0.3546,0.9511,0.9529,0.04,64,sgd,MLPOne
14,1,15,0.3482,0.3511,0.9537,0.9544,0.04,64,sgd,MLPOne
15,1,16,0.3421,0.3481,0.9561,0.9557,0.04,64,sgd,MLPOne
16,1,17,0.3366,0.3452,0.9582,0.9568,0.04,64,sgd,MLPOne
17,1,18,0.3316,0.3427,0.9601,0.9578,0.04,64,sgd,MLPOne
18,1,19,0.3271,0.3403,0.9618,0.9588,0.04,64,sgd,MLPOne
19,1,20,0.3229,0.3382,0.9634,0.9596,0.04,64,sgd,MLPOne
20,1,21,0.3191,0.3363,0.9649,0.9604,0.04,64,sgd,MLPOne
21,1,22,0.3155,0.3345,0.9662,0.9612,0.04,64,sgd,MLPOne
22,1,23,0.3123,0.3329,0.9675,0.9619,0.04,64,sgd,MLPOne
23,1,24,0.3092,0.3314,0.9686,0.9625,0.04,64,sgd,MLPOne
24,1,25,0.3064,0.3301,0.9697,0.9631,0.04,64,sgd,MLPOne
25,1,26,0.3038,0.3287,0.9707,0.9637,0.04,64,sgd,MLPOne
26,1,27,0.3013,0.3276,0.9716,0.9641,0.04,64,sgd,MLPOne
27,1,28,0.299,0.3265,0.9725,0.9646,0.04,64,sgd,MLPOne
28,1,29,0.2968,0.3255,0.9733,0.9651,0.04,64,sgd,MLPOne
29,1,30,0.2948,0.3246,0.9741,0.9655,0.04,64,sgd,MLPOne
30,1,31,0.2928,0.3237,0.9748,0.9659,0.04,64,sgd,MLPOne
31,1,32,0.291,0.3228,0.9754,0.9662,0.04,64,sgd,MLPOne
32,1,33,0.2893,0.322,0.9761,0.9666,0.04,64,sgd,MLPOne
33,1,34,0.2877,0.3213,0.9767,0.9669,0.04,64,sgd,MLPOne
34,1,35,0.2861,0.3206,0.9773,0.9672,0.04,64,sgd,MLPOne
35,1,36,0.2847,0.32,0.9778,0.9675,0.04,64,sgd,MLPOne
36,1,37,0.2833,0.3194,0.9783,0.9678,0.04,64,sgd,MLPOne
37,1,38,0.282,0.3188,0.9788,0.968,0.04,64,sgd,MLPOne
38,1,39,0.2807,0.3183,0.9793,0.9683,0.04,64,sgd,MLPOne
39,1,40,0.2795,0.3178,0.9797,0.9685,0.04,64,sgd,MLPOne
40,1,41,0.2784,0.3173,0.9801,0.9687,0.04,64,sgd,MLPOne
41,1,42,0.2773,0.3168,0.9805,0.9689,0.04,64,sgd,MLPOne
42,1,43,0.2762,0.3164,0.9809,0.9691,0.04,64,sgd,MLPOne
43,1,44,0.2752,0.316,0.9813,0.9693,0.04,64,sgd,MLPOne
44,1,45,0.2743,0.3156,0.9816,0.9695,0.04,64,sgd,MLPOne
45,1,46,0.2733,0.3152,0.982,0.9697,0.04,64,sgd,MLPOne
46,1,47,0.2725,0.3149,0.9823,0.9698,0.04,64,sgd,MLPOne
47,1,48,0.2716,0.3146,0.9826,0.97,0.04,64,sgd,MLPOne
48,1,49,0.2708,0.3143,0.9829,0.9702,0.04,64,sgd,MLPOne
49,1,50,0.27,0.314,0.9832,0.9703,0.04,64,sgd,MLPOne
50,1,51,0.2692,0.3137,0.9835,0.9705,0.04,64,sgd,MLPOne
51,1,52,0.2685,0.3134,0.9838,0.9706,0.04,64,sgd,MLPOne
52,1,53,0.2678,0.3131,0.984,0.9707,0.04,64,sgd,MLPOne
53,1,54,0.2671,0.3129,0.9843,0.9708,0.04,64,sgd,MLPOne
54,1,55,0.2665,0.3127,0.9845,0.971,0.04,64,sgd,MLPOne
55,1,56,0.2658,0.3125,0.9848,0.9711,0.04,64,sgd,MLPOne
56,1,57,0.2652,0.3122,0.985,0.9712,0.04,64,sgd,MLPOne
57,1,58,0.2646,0.312,0.9852,0.9713,0.04,64,sgd,MLPOne
58,1,59,0.2641,0.3118,0.9854,0.9714,0.04,64,sgd,MLPOne
59,1,60,0.2635,0.3117,0.9856,0.9715,0.04,64,sgd,MLPOne
60,1,61,0.263,0.3115,0.9858,0.9716,0.04,64,sgd,MLPOne
61,1,62,0.2624,0.3113,0.986,0.9717,0.04,64,sgd,MLPOne
62,1,63,0.2619,0.3111,0.9862,0.9718,0.04,64,sgd,MLPOne
63,1,64,0.2614,0.311,0.9864,0.9719,0.04,64,sgd,MLPOne
64,1,65,0.261,0.3108,0.9866,0.972,0.04,64,sgd,MLPOne
65,1,66,0.2605,0.3107,0.9868,0.9721,0.04,64,sgd,MLPOne
66,1,67,0.2601,0.3106,0.9869,0.9721,0.04,64,sgd,MLPOne
67,1,68,0.2596,0.3104,0.9871,0.9722,0.04,64,sgd,MLPOne
68,1,69,0.2592,0.3103,0.9872,0.9723,0.04,64,sgd,MLPOne
69,1,70,0.2588,0.3102,0.9874,0.9724,0.04,64,sgd,MLPOne
70,1,71,0.2584,0.3101,0.9875,0.9724,0.04,64,sgd,MLPOne
71,1,72,0.258,0.31,0.9877,0.9725,0.04,64,sgd,MLPOne
72,1,73,0.2576,0.3099,0.9878,0.9726,0.04,64,sgd,MLPOne
73,1,74,0.2572,0.3097,0.988,0.9726,0.04,64,sgd,MLPOne
74,1,75,0.2569,0.3097,0.9881,0.9727,0.04,64,sgd,MLPOne
75,1,76,0.2565,0.3096,0.9882,0.9728,0.04,64,sgd,MLPOne
76,1,77,0.2562,0.3095,0.9884,0.9728,0.04,64,sgd,MLPOne
77,1,78,0.2559,0.3094,0.9885,0.9729,0.04,64,sgd,MLPOne
78,1,79,0.2555,0.3093,0.9886,0.9729,0.04,64,sgd,MLPOne
79,1,80,0.2552,0.3092,0.9887,0.973,0.04,64,sgd,MLPOne
80,2,1,0.4774,0.2941,0.8749,0.9159,0.04,128,sgd,MLPOne
81,2,2,0.364,0.263,0.9014,0.924,0.04,128,sgd,MLPOne
82,2,3,0.3088,0.2415,0.9154,0.9298,0.04,128,sgd,MLPOne
83,2,4,0.2727,0.2227,0.9249,0.9357,0.04,128,sgd,MLPOne
84,2,5,0.2462,0.2078,0.932,0.9401,0.04,128,sgd,MLPOne
85,2,6,0.2256,0.1957,0.9377,0.9436,0.04,128,sgd,MLPOne
86,2,7,0.2088,0.1854,0.9422,0.9465,0.04,128,sgd,MLPOne
87,2,8,0.1948,0.1768,0.946,0.949,0.04,128,sgd,MLPOne
88,2,9,0.1829,0.1694,0.9494,0.9511,0.04,128,sgd,MLPOne
89,2,10,0.1725,0.1629,0.9523,0.9529,0.04,128,sgd,MLPOne
90,2,11,0.1634,0.1571,0.9548,0.9545,0.04,128,sgd,MLPOne
91,2,12,0.1553,0.1521,0.9571,0.9559,0.04,128,sgd,MLPOne
92,2,13,0.1481,0.1476,0.9592,0.9571,0.04,128,sgd,MLPOne
93,2,14,0.1415,0.1435,0.961,0.9582,0.04,128,sgd,MLPOne
94,2,15,0.1356,0.1398,0.9627,0.9592,0.04,128,sgd,MLPOne
95,2,16,0.1301,0.1364,0.9643,0.9601,0.04,128,sgd,MLPOne
96,2,17,0.1251,0.1333,0.9657,0.9609,0.04,128,sgd,MLPOne
97,2,18,0.1205,0.1304,0.967,0.9617,0.04,128,sgd,MLPOne
98,2,19,0.1163,0.1279,0.9682,0.9623,0.04,128,sgd,MLPOne
99,2,20,0.1123,0.1254,0.9694,0.963,0.04,128,sgd,MLPOne
100,2,21,0.1086,0.1231,0.9705,0.9637,0.04,128,sgd,MLPOne
101,2,22,0.1051,0.121,0.9715,0.9642,0.04,128,sgd,MLPOne
102,2,23,0.1019,0.119,0.9725,0.9648,0.04,128,sgd,MLPOne
103,2,24,0.0988,0.1171,0.9734,0.9653,0.04,128,sgd,MLPOne
104,2,25,0.0959,0.1154,0.9743,0.9657,0.04,128,sgd,MLPOne
105,2,26,0.0932,0.1139,0.9751,0.9662,0.04,128,sgd,MLPOne
106,2,27,0.0906,0.1123,0.9759,0.9666,0.04,128,sgd,MLPOne
107,2,28,0.0882,0.1109,0.9766,0.967,0.04,128,sgd,MLPOne
108,2,29,0.0859,0.1096,0.9773,0.9674,0.04,128,sgd,MLPOne
109,2,30,0.0837,0.1083,0.978,0.9677,0.04,128,sgd,MLPOne
110,2,31,0.0816,0.1071,0.9786,0.9681,0.04,128,sgd,MLPOne
111,2,32,0.0796,0.106,0.9792,0.9684,0.04,128,sgd,MLPOne
112,2,33,0.0777,0.1049,0.9798,0.9687,0.04,128,sgd,MLPOne
113,2,34,0.0759,0.1039,0.9803,0.969,0.04,128,sgd,MLPOne
114,2,35,0.0742,0.103,0.9808,0.9692,0.04,128,sgd,MLPOne
115,2,36,0.0726,0.1022,0.9813,0.9694,0.04,128,sgd,MLPOne
116,2,37,0.071,0.1013,0.9818,0.9697,0.04,128,sgd,MLPOne
117,2,38,0.0695,0.1005,0.9822,0.9699,0.04,128,sgd,MLPOne
118,2,39,0.068,0.0997,0.9827,0.9701,0.04,128,sgd,MLPOne
119,2,40,0.0666,0.099,0.9831,0.9703,0.04,128,sgd,MLPOne
120,2,41,0.0653,0.0982,0.9835,0.9706,0.04,128,sgd,MLPOne
121,2,42,0.064,0.0976,0.9838,0.9708,0.04,128,sgd,MLPOne
122,2,43,0.0628,0.0969,0.9842,0.971,0.04,128,sgd,MLPOne
123,2,44,0.0616,0.0963,0.9845,0.9712,0.04,128,sgd,MLPOne
124,2,45,0.0605,0.0957,0.9849,0.9713,0.04,128,sgd,MLPOne
125,2,46,0.0594,0.0951,0.9852,0.9715,0.04,128,sgd,MLPOne
126,2,47,0.0583,0.0946,0.9855,0.9717,0.04,128,sgd,MLPOne
127,2,48,0.0573,0.094,0.9858,0.9718,0.04,128,sgd,MLPOne
128,2,49,0.0563,0.0935,0.9861,0.972,0.04,128,sgd,MLPOne
129,2,50,0.0553,0.0931,0.9863,0.9721,0.04,128,sgd,MLPOne
130,2,51,0.0544,0.0926,0.9866,0.9723,0.04,128,sgd,MLPOne
131,2,52,0.0535,0.0921,0.9868,0.9724,0.04,128,sgd,MLPOne
132,2,53,0.0526,0.0917,0.9871,0.9726,0.04,128,sgd,MLPOne
133,2,54,0.0518,0.0913,0.9873,0.9727,0.04,128,sgd,MLPOne
134,2,55,0.051,0.0909,0.9875,0.9728,0.04,128,sgd,MLPOne
135,2,56,0.0502,0.0905,0.9878,0.9729,0.04,128,sgd,MLPOne
136,2,57,0.0494,0.0902,0.988,0.9731,0.04,128,sgd,MLPOne
137,2,58,0.0487,0.0898,0.9882,0.9732,0.04,128,sgd,MLPOne
138,2,59,0.048,0.0895,0.9884,0.9733,0.04,128,sgd,MLPOne
139,2,60,0.0473,0.0891,0.9886,0.9734,0.04,128,sgd,MLPOne
140,2,61,0.0466,0.0888,0.9888,0.9735,0.04,128,sgd,MLPOne
141,2,62,0.046,0.0885,0.9889,0.9736,0.04,128,sgd,MLPOne
142,2,63,0.0453,0.0882,0.9891,0.9737,0.04,128,sgd,MLPOne
143,2,64,0.0447,0.0879,0.9893,0.9738,0.04,128,sgd,MLPOne
144,2,65,0.0441,0.0876,0.9894,0.9739,0.04,128,sgd,MLPOne
145,2,66,0.0435,0.0874,0.9896,0.974,0.04,128,sgd,MLPOne
146,2,67,0.0429,0.0871,0.9897,0.9741,0.04,128,sgd,MLPOne
147,2,68,0.0424,0.0869,0.9899,0.9742,0.04,128,sgd,MLPOne
148,2,69,0.0418,0.0866,0.99,0.9742,0.04,128,sgd,MLPOne
149,2,70,0.0413,0.0864,0.9902,0.9743,0.04,128,sgd,MLPOne
150,2,71,0.0408,0.0862,0.9903,0.9744,0.04,128,sgd,MLPOne
151,2,72,0.0403,0.086,0.9905,0.9745,0.04,128,sgd,MLPOne
152,2,73,0.0398,0.0857,0.9906,0.9746,0.04,128,sgd,MLPOne
153,2,74,0.0393,0.0856,0.9907,0.9746,0.04,128,sgd,MLPOne
154,2,75,0.0389,0.0854,0.9908,0.9747,0.04,128,sgd,MLPOne
155,2,76,0.0384,0.0852,0.9909,0.9748,0.04,128,sgd,MLPOne
156,2,77,0.038,0.085,0.9911,0.9748,0.04,128,sgd,MLPOne
157,2,78,0.0375,0.0848,0.9912,0.9749,0.04,128,sgd,MLPOne
158,2,79,0.0371,0.0846,0.9913,0.975,0.04,128,sgd,MLPOne
159,2,80,0.0367,0.0845,0.9914,0.975,0.04,128,sgd,MLPOne
160,3,1,1.0522,0.6373,0.7086,0.8093,0.01,64,sgd,MLPOne
161,3,2,0.8033,0.5792,0.7667,0.8193,0.01,64,sgd,MLPOne
162,3,3,0.699,0.547,0.7903,0.8254,0.01,64,sgd,MLPOne
163,3,4,0.6385,0.5249,0.8041,0.8302,0.01,64,sgd,MLPOne
164,3,5,0.5975,0.5078,0.8134,0.8343,0.01,64,sgd,MLPOne
165,3,6,0.5672,0.4939,0.8204,0.8374,0.01,64,sgd,MLPOne
166,3,7,0.5434,0.4822,0.826,0.8402,0.01,64,sgd,MLPOne
167,3,8,0.524,0.4722,0.8306,0.8426,0.01,64,sgd,MLPOne
168,3,9,0.5078,0.4635,0.8345,0.8445,0.01,64,sgd,MLPOne
169,3,10,0.4939,0.4559,0.8378,0.8463,0.01,64,sgd,MLPOne
170,3,11,0.4818,0.449,0.8407,0.848,0.01,64,sgd,MLPOne
171,3,12,0.4711,0.4427,0.8433,0.8494,0.01,64,sgd,MLPOne
172,3,13,0.4616,0.437,0.8455,0.8507,0.01,64,sgd,MLPOne
173,3,14,0.4531,0.4318,0.8476,0.8519,0.01,64,sgd,MLPOne
174,3,15,0.4453,0.427,0.8495,0.853,0.01,64,sgd,MLPOne
175,3,16,0.4383,0.4225,0.8512,0.8541,0.01,64,sgd,MLPOne
176,3,17,0.4317,0.4185,0.8528,0.855,0.01,64,sgd,MLPOne
177,3,18,0.4257,0.4147,0.8543,0.8559,0.01,64,sgd,MLPOne
178,3,19,0.4202,0.4112,0.8557,0.8569,0.01,64,sgd,MLPOne
179,3,20,0.415,0.4078,0.857,0.8577,0.01,64,sgd,MLPOne
180,3,21,0.4101,0.4047,0.8582,0.8585,0.01,64,sgd,MLPOne
181,3,22,0.4056,0.4018,0.8593,0.8592,0.01,64,sgd,MLPOne
182,3,23,0.4013,0.399,0.8604,0.8599,0.01,64,sgd,MLPOne
183,3,24,0.3973,0.3964,0.8614,0.8605,0.01,64,sgd,MLPOne
184,3,25,0.3935,0.3939,0.8623,0.8612,0.01,64,sgd,MLPOne
185,3,26,0.3824,0.3829,0.8665,0.8653,0.01,64,sgd,MLPOne
186,3,27,0.371,0.3727,0.8708,0.8692,0.01,64,sgd,MLPOne
187,3,28,0.3603,0.363,0.8748,0.8729,0.01,64,sgd,MLPOne
188,3,29,0.3501,0.3539,0.8785,0.8763,0.01,64,sgd,MLPOne
189,3,30,0.3406,0.3454,0.882,0.8795,0.01,64,sgd,MLPOne
190,3,31,0.3315,0.3373,0.8854,0.8825,0.01,64,sgd,MLPOne
191,3,32,0.323,0.3297,0.8885,0.8854,0.01,64,sgd,MLPOne
192,3,33,0.3149,0.3225,0.8914,0.8881,0.01,64,sgd,MLPOne
193,3,34,0.3072,0.3157,0.8942,0.8906,0.01,64,sgd,MLPOne
194,3,35,0.2999,0.3093,0.8969,0.893,0.01,64,sgd,MLPOne
195,3,36,0.293,0.3031,0.8994,0.8953,0.01,64,sgd,MLPOne
196,3,37,0.2863,0.2973,0.9019,0.8974,0.01,64,sgd,MLPOne
197,3,38,0.28,0.2917,0.9041,0.8995,0.01,64,sgd,MLPOne
198,3,39,0.274,0.2864,0.9063,0.9015,0.01,64,sgd,MLPOne
199,3,40,0.2682,0.2813,0.9084,0.9033,0.01,64,sgd,MLPOne
200,3,41,0.2626,0.2765,0.9104,0.9051,0.01,64,sgd,MLPOne
201,3,42,0.2573,0.2719,0.9124,0.9068,0.01,64,sgd,MLPOne
202,3,43,0.2522,0.2675,0.9142,0.9084,0.01,64,sgd,MLPOne
203,3,44,0.2473,0.2632,0.916,0.91,0.01,64,sgd,MLPOne
204,3,45,0.2426,0.2591,0.9177,0.9115,0.01,64,sgd,MLPOne
205,3,46,0.2381,0.2552,0.9193,0.9129,0.01,64,sgd,MLPOne
206,3,47,0.2337,0.2515,0.9209,0.9143,0.01,64,sgd,MLPOne
207,3,48,0.2295,0.2478,0.9224,0.9156,0.01,64,sgd,MLPOne
208,3,49,0.2254,0.2444,0.9239,0.9169,0.01,64,sgd,MLPOne
209,3,50,0.2215,0.241,0.9253,0.9181,0.01,64,sgd,MLPOne
210,3,51,0.2178,0.2378,0.9267,0.9193,0.01,64,sgd,MLPOne
211,3,52,0.2141,0.2347,0.928,0.9204,0.01,64,sgd,MLPOne
212,3,53,0.2106,0.2317,0.9292,0.9215,0.01,64,sgd,MLPOne
213,3,54,0.2072,0.2288,0.9305,0.9225,0.01,64,sgd,MLPOne
214,3,55,0.2039,0.226,0.9316,0.9235,0.01,64,sgd,MLPOne
215,3,56,0.2007,0.2233,0.9328,0.9245,0.01,64,sgd,MLPOne
216,3,57,0.1976,0.2206,0.9339,0.9255,0.01,64,sgd,MLPOne
217,3,58,0.1946,0.2181,0.935,0.9264,0.01,64,sgd,MLPOne
218,3,59,0.1917,0.2157,0.936,0.9272,0.01,64,sgd,MLPOne
219,3,60,0.1888,0.2133,0.937,0.9281,0.01,64,sgd,MLPOne
220,3,61,0.1861,0.211,0.938,0.9289,0.01,64,sgd,MLPOne
221,3,62,0.1834,0.2088,0.939,0.9297,0.01,64,sgd,MLPOne
222,3,63,0.1808,0.2066,0.9399,0.9305,0.01,64,sgd,MLPOne
223,3,64,0.1783,0.2045,0.9408,0.9312,0.01,64,sgd,MLPOne
224,3,65,0.1759,0.2025,0.9416,0.932,0.01,64,sgd,MLPOne
225,3,66,0.1735,0.2005,0.9425,0.9327,0.01,64,sgd,MLPOne
226,3,67,0.1712,0.1986,0.9433,0.9334,0.01,64,sgd,MLPOne
227,3,68,0.1689,0.1967,0.9441,0.934,0.01,64,sgd,MLPOne
228,3,69,0.1667,0.1949,0.9449,0.9347,0.01,64,sgd,MLPOne
229,3,70,0.1646,0.1931,0.9457,0.9353,0.01,64,sgd,MLPOne
230,3,71,0.1625,0.1914,0.9464,0.9359,0.01,64,sgd,MLPOne
231,3,72,0.1605,0.1898,0.9471,0.9365,0.01,64,sgd,MLPOne
232,3,73,0.1585,0.1881,0.9478,0.9371,0.01,64,sgd,MLPOne
233,3,74,0.1565,0.1866,0.9485,0.9377,0.01,64,sgd,MLPOne
234,3,75,0.1547,0.185,0.9492,0.9382,0.01,64,sgd,MLPOne
235,3,76,0.1528,0.1835,0.9498,0.9388,0.01,64,sgd,MLPOne
236,3,77,0.151,0.1821,0.9505,0.9393,0.01,64,sgd,MLPOne
237,3,78,0.1493,0.1806,0.9511,0.9398,0.01,64,sgd,MLPOne
238,3,79,0.1475,0.1792,0.9517,0.9403,0.01,64,sgd,MLPOne
239,3,80,0.1459,0.1779,0.9523,0.9408,0.01,64,sgd,MLPOne
240,4,1,0.9742,0.4571,0.7645,0.8816,0.01,128,sgd,MLPOne
241,4,2,0.681,0.4044,0.8299,0.8904,0.01,128,sgd,MLPOne
242,4,3,0.5615,0.3732,0.8564,0.8971,0.01,128,sgd,MLPOne
243,4,4,0.4935,0.3515,0.8716,0.9022,0.01,128,sgd,MLPOne
244,4,5,0.4482,0.3346,0.8821,0.9063,0.01,128,sgd,MLPOne
245,4,6,0.4148,0.3209,0.8899,0.9099,0.01,128,sgd,MLPOne
246,4,7,0.3887,0.3091,0.8962,0.913,0.01,128,sgd,MLPOne
247,4,8,0.3675,0.2991,0.9015,0.9156,0.01,128,sgd,MLPOne
248,4,9,0.3496,0.29,0.906,0.918,0.01,128,sgd,MLPOne
249,4,10,0.3342,0.2818,0.9099,0.9203,0.01,128,sgd,MLPOne
250,4,11,0.3208,0.2743,0.9133,0.9224,0.01,128,sgd,MLPOne
251,4,12,0.3088,0.2674,0.9163,0.9243,0.01,128,sgd,MLPOne
252,4,13,0.2981,0.2611,0.9191,0.9261,0.01,128,sgd,MLPOne
253,4,14,0.2883,0.2553,0.9217,0.9276,0.01,128,sgd,MLPOne
254,4,15,0.2795,0.2498,0.924,0.9292,0.01,128,sgd,MLPOne
255,4,16,0.2713,0.2446,0.9262,0.9307,0.01,128,sgd,MLPOne
256,4,17,0.2637,0.2398,0.9282,0.9321,0.01,128,sgd,MLPOne
257,4,18,0.2567,0.2352,0.93,0.9334,0.01,128,sgd,MLPOne
258,4,19,0.2502,0.2309,0.9318,0.9346,0.01,128,sgd,MLPOne
259,4,20,0.2441,0.2268,0.9334,0.9358,0.01,128,sgd,MLPOne
260,4,21,0.2384,0.223,0.935,0.9368,0.01,128,sgd,MLPOne
261,4,22,0.233,0.2193,0.9364,0.9379,0.01,128,sgd,MLPOne
262,4,23,0.2279,0.2158,0.9378,0.9388,0.01,128,sgd,MLPOne
263,4,24,0.223,0.2125,0.9391,0.9397,0.01,128,sgd,MLPOne
264,4,25,0.2185,0.2093,0.9404,0.9406,0.01,128,sgd,MLPOne
265,4,26,0.2141,0.2062,0.9416,0.9414,0.01,128,sgd,MLPOne
266,4,27,0.21,0.2033,0.9427,0.9422,0.01,128,sgd,MLPOne
267,4,28,0.206,0.2005,0.9438,0.943,0.01,128,sgd,MLPOne
268,4,29,0.2023,0.1978,0.9449,0.9437,0.01,128,sgd,MLPOne
269,4,30,0.1986,0.1952,0.9458,0.9444,0.01,128,sgd,MLPOne
270,4,31,0.1952,0.1927,0.9468,0.9451,0.01,128,sgd,MLPOne
271,4,32,0.1919,0.1903,0.9477,0.9458,0.01,128,sgd,MLPOne
272,4,33,0.1887,0.1881,0.9486,0.9464,0.01,128,sgd,MLPOne
273,4,34,0.1856,0.1858,0.9495,0.947,0.01,128,sgd,MLPOne
274,4,35,0.1826,0.1837,0.9503,0.9476,0.01,128,sgd,MLPOne
275,4,36,0.1798,0.1817,0.9511,0.9482,0.01,128,sgd,MLPOne
276,4,37,0.1771,0.1797,0.9518,0.9488,0.01,128,sgd,MLPOne
277,4,38,0.1744,0.1778,0.9525,0.9493,0.01,128,sgd,MLPOne
278,4,39,0.1718,0.1759,0.9532,0.9499,0.01,128,sgd,MLPOne
279,4,40,0.1694,0.1741,0.9539,0.9503,0.01,128,sgd,MLPOne
280,4,41,0.167,0.1724,0.9546,0.9508,0.01,128,sgd,MLPOne
281,4,42,0.1646,0.1707,0.9552,0.9513,0.01,128,sgd,MLPOne
282,4,43,0.1624,0.1691,0.9559,0.9517,0.01,128,sgd,MLPOne
283,4,44,0.1602,0.1675,0.9565,0.9522,0.01,128,sgd,MLPOne
284,4,45,0.1581,0.166,0.9571,0.9526,0.01,128,sgd,MLPOne
285,4,46,0.156,0.1645,0.9576,0.953,0.01,128,sgd,MLPOne
286,4,47,0.154,0.163,0.9582,0.9534,0.01,128,sgd,MLPOne
287,4,48,0.1521,0.1616,0.9587,0.9538,0.01,128,sgd,MLPOne
288,4,49,0.1502,0.1603,0.9593,0.9542,0.01,128,sgd,MLPOne
289,4,50,0.1484,0.1589,0.9598,0.9545,0.01,128,sgd,MLPOne
290,4,51,0.1466,0.1577,0.9603,0.9549,0.01,128,sgd,MLPOne
291,4,52,0.1448,0.1564,0.9608,0.9552,0.01,128,sgd,MLPOne
292,4,53,0.1431,0.1552,0.9613,0.9556,0.01,128,sgd,MLPOne
293,4,54,0.1415,0.154,0.9617,0.9559,0.01,128,sgd,MLPOne
294,4,55,0.1399,0.1528,0.9622,0.9563,0.01,128,sgd,MLPOne
295,4,56,0.1383,0.1517,0.9626,0.9566,0.01,128,sgd,MLPOne
296,4,57,0.1367,0.1506,0.9631,0.9569,0.01,128,sgd,MLPOne
297,4,58,0.1352,0.1495,0.9635,0.9572,0.01,128,sgd,MLPOne
298,4,59,0.1338,0.1485,0.9639,0.9575,0.01,128,sgd,MLPOne
299,4,60,0.1323,0.1474,0.9643,0.9578,0.01,128,sgd,MLPOne
300,4,61,0.1309,0.1464,0.9647,0.9581,0.01,128,sgd,MLPOne
301,4,62,0.1296,0.1455,0.9651,0.9583,0.01,128,sgd,MLPOne
302,4,63,0.1282,0.1445,0.9655,0.9586,0.01,128,sgd,MLPOne
303,4,64,0.1269,0.1436,0.9659,0.9589,0.01,128,sgd,MLPOne
304,4,65,0.1256,0.1427,0.9663,0.9591,0.01,128,sgd,MLPOne
305,4,66,0.1244,0.1418,0.9666,0.9594,0.01,128,sgd,MLPOne
306,4,67,0.1232,0.1409,0.967,0.9596,0.01,128,sgd,MLPOne
307,4,68,0.122,0.1401,0.9673,0.9599,0.01,128,sgd,MLPOne
308,4,69,0.1208,0.1392,0.9677,0.9601,0.01,128,sgd,MLPOne
309,4,70,0.1196,0.1384,0.968,0.9603,0.01,128,sgd,MLPOne
310,4,71,0.1185,0.1376,0.9683,0.9606,0.01,128,sgd,MLPOne
311,4,72,0.1174,0.1369,0.9687,0.9608,0.01,128,sgd,MLPOne
312,4,73,0.1163,0.1361,0.969,0.961,0.01,128,sgd,MLPOne
313,4,74,0.1152,0.1354,0.9693,0.9612,0.01,128,sgd,MLPOne
314,4,75,0.1142,0.1346,0.9696,0.9614,0.01,128,sgd,MLPOne
315,4,76,0.1131,0.1339,0.9699,0.9616,0.01,128,sgd,MLPOne
316,4,77,0.1121,0.1332,0.9702,0.9618,0.01,128,sgd,MLPOne
317,4,78,0.1111,0.1325,0.9705,0.962,0.01,128,sgd,MLPOne
318,4,79,0.1102,0.1318,0.9708,0.9622,0.01,128,sgd,MLPOne
319,4,80,0.1092,0.1312,0.971,0.9624,0.01,128,sgd,MLPOne
320,5,1,0.3718,0.1841,0.8903,0.9437,0.07,64,sgd,MLPOne
321,5,2,0.256,0.1564,0.9247,0.9536,0.07,64,sgd,MLPOne
322,5,3,0.2028,0.1391,0.9404,0.9584,0.07,64,sgd,MLPOne
323,5,4,0.1704,0.1276,0.95,0.9617,0.07,64,sgd,MLPOne
324,5,5,0.1477,0.1192,0.9567,0.9642,0.07,64,sgd,MLPOne
325,5,6,0.1308,0.1119,0.9619,0.9663,0.07,64,sgd,MLPOne
326,5,7,0.1174,0.1062,0.9659,0.968,0.07,64,sgd,MLPOne
327,5,8,0.1064,0.1018,0.9693,0.9694,0.07,64,sgd,MLPOne
328,5,9,0.0974,0.0984,0.9721,0.9703,0.07,64,sgd,MLPOne
329,5,10,0.0897,0.0956,0.9745,0.9712,0.07,64,sgd,MLPOne
330,5,11,0.083,0.0929,0.9766,0.972,0.07,64,sgd,MLPOne
331,5,12,0.0773,0.0906,0.9784,0.9726,0.07,64,sgd,MLPOne
332,5,13,0.0722,0.0886,0.9799,0.9732,0.07,64,sgd,MLPOne
333,5,14,0.0678,0.087,0.9813,0.9738,0.07,64,sgd,MLPOne
334,5,15,0.0638,0.0855,0.9825,0.9742,0.07,64,sgd,MLPOne
335,5,16,0.0603,0.0843,0.9836,0.9746,0.07,64,sgd,MLPOne
336,5,17,0.0572,0.0832,0.9845,0.975,0.07,64,sgd,MLPOne
337,5,18,0.0543,0.0822,0.9854,0.9754,0.07,64,sgd,MLPOne
338,5,19,0.0517,0.0813,0.9861,0.9757,0.07,64,sgd,MLPOne
339,5,20,0.0494,0.0805,0.9868,0.976,0.07,64,sgd,MLPOne
340,5,21,0.0472,0.0798,0.9874,0.9762,0.07,64,sgd,MLPOne
341,5,22,0.0453,0.0792,0.988,0.9764,0.07,64,sgd,MLPOne
342,5,23,0.0435,0.0787,0.9885,0.9767,0.07,64,sgd,MLPOne
343,5,24,0.0418,0.0782,0.989,0.9769,0.07,64,sgd,MLPOne
344,5,25,0.0402,0.0778,0.9894,0.977,0.07,64,sgd,MLPOne
345,5,26,0.0388,0.0774,0.9898,0.9772,0.07,64,sgd,MLPOne
346,5,27,0.0375,0.077,0.9902,0.9774,0.07,64,sgd,MLPOne
347,5,28,0.0362,0.0766,0.9906,0.9775,0.07,64,sgd,MLPOne
348,5,29,0.0351,0.0763,0.9909,0.9776,0.07,64,sgd,MLPOne
349,5,30,0.034,0.076,0.9912,0.9777,0.07,64,sgd,MLPOne
350,5,31,0.033,0.0758,0.9915,0.9778,0.07,64,sgd,MLPOne
351,5,32,0.032,0.0756,0.9917,0.9779,0.07,64,sgd,MLPOne
352,5,33,0.0311,0.0754,0.992,0.978,0.07,64,sgd,MLPOne
353,5,34,0.0302,0.0752,0.9922,0.9782,0.07,64,sgd,MLPOne
354,5,35,0.0294,0.075,0.9924,0.9782,0.07,64,sgd,MLPOne
355,5,36,0.0287,0.0749,0.9926,0.9783,0.07,64,sgd,MLPOne
356,5,37,0.0279,0.0747,0.9928,0.9784,0.07,64,sgd,MLPOne
357,5,38,0.0272,0.0746,0.993,0.9785,0.07,64,sgd,MLPOne
358,5,39,0.0266,0.0744,0.9932,0.9786,0.07,64,sgd,MLPOne
359,5,40,0.026,0.0743,0.9934,0.9786,0.07,64,sgd,MLPOne
360,5,41,0.0254,0.0742,0.9935,0.9787,0.07,64,sgd,MLPOne
361,5,42,0.0248,0.0741,0.9937,0.9788,0.07,64,sgd,MLPOne
362,5,43,0.0243,0.074,0.9938,0.9788,0.07,64,sgd,MLPOne
363,5,44,0.0237,0.0739,0.994,0.9789,0.07,64,sgd,MLPOne
364,5,45,0.0232,0.0739,0.9941,0.9789,0.07,64,sgd,MLPOne
365,5,46,0.0228,0.0738,0.9942,0.979,0.07,64,sgd,MLPOne
366,5,47,0.0223,0.0737,0.9944,0.979,0.07,64,sgd,MLPOne
367,5,48,0.0219,0.0737,0.9945,0.9791,0.07,64,sgd,MLPOne
368,5,49,0.0214,0.0736,0.9946,0.9791,0.07,64,sgd,MLPOne
369,5,50,0.021,0.0736,0.9947,0.9792,0.07,64,sgd,MLPOne
370,5,51,0.0206,0.0735,0.9948,0.9792,0.07,64,sgd,MLPOne
371,5,52,0.0203,0.0735,0.9949,0.9793,0.07,64,sgd,MLPOne
372,5,53,0.0199,0.0735,0.995,0.9793,0.07,64,sgd,MLPOne
373,5,54,0.0196,0.0734,0.9951,0.9793,0.07,64,sgd,MLPOne
374,5,55,0.0192,0.0734,0.9952,0.9794,0.07,64,sgd,MLPOne
375,5,56,0.0189,0.0734,0.9953,0.9794,0.07,64,sgd,MLPOne
376,5,57,0.0186,0.0733,0.9953,0.9794,0.07,64,sgd,MLPOne
377,5,58,0.0183,0.0733,0.9954,0.9795,0.07,64,sgd,MLPOne
378,5,59,0.018,0.0733,0.9955,0.9795,0.07,64,sgd,MLPOne
379,5,60,0.0177,0.0733,0.9956,0.9795,0.07,64,sgd,MLPOne
380,5,61,0.0174,0.0733,0.9956,0.9796,0.07,64,sgd,MLPOne
381,5,62,0.0172,0.0733,0.9957,0.9796,0.07,64,sgd,MLPOne
382,5,63,0.0169,0.0733,0.9958,0.9796,0.07,64,sgd,MLPOne
383,5,64,0.0166,0.0733,0.9958,0.9797,0.07,64,sgd,MLPOne
384,5,65,0.0164,0.0733,0.9959,0.9797,0.07,64,sgd,MLPOne
385,5,66,0.0162,0.0733,0.996,0.9797,0.07,64,sgd,MLPOne
386,5,67,0.0159,0.0733,0.996,0.9797,0.07,64,sgd,MLPOne
387,5,68,0.0157,0.0733,0.9961,0.9798,0.07,64,sgd,MLPOne
388,5,69,0.0155,0.0733,0.9961,0.9798,0.07,64,sgd,MLPOne
389,5,70,0.0153,0.0733,0.9962,0.9798,0.07,64,sgd,MLPOne
390,5,71,0.0151,0.0733,0.9962,0.9798,0.07,64,sgd,MLPOne
391,5,72,0.0149,0.0733,0.9963,0.9799,0.07,64,sgd,MLPOne
392,5,73,0.0147,0.0733,0.9964,0.9799,0.07,64,sgd,MLPOne
393,5,74,0.0145,0.0733,0.9964,0.9799,0.07,64,sgd,MLPOne
394,5,75,0.0143,0.0733,0.9964,0.9799,0.07,64,sgd,MLPOne
395,5,76,0.0141,0.0733,0.9965,0.9799,0.07,64,sgd,MLPOne
396,5,77,0.014,0.0734,0.9965,0.98,0.07,64,sgd,MLPOne
397,5,78,0.0138,0.0734,0.9966,0.98,0.07,64,sgd,MLPOne
398,5,79,0.0136,0.0734,0.9966,0.98,0.07,64,sgd,MLPOne
399,5,80,0.0135,0.0734,0.9967,0.98,0.07,64,sgd,MLPOne
400,6,1,0.6901,0.4692,0.7831,0.8417,0.07,128,sgd,MLPOne
401,6,2,0.4939,0.3319,0.8447,0.8931,0.07,128,sgd,MLPOne
402,6,3,0.3813,0.2713,0.8817,0.9145,0.07,128,sgd,MLPOne
403,6,4,0.3164,0.2358,0.9027,0.9267,0.07,128,sgd,MLPOne
404,6,5,0.273,0.2113,0.9165,0.935,0.07,128,sgd,MLPOne
405,6,6,0.2417,0.1932,0.9265,0.941,0.07,128,sgd,MLPOne
406,6,7,0.2175,0.1799,0.9341,0.9455,0.07,128,sgd,MLPOne
407,6,8,0.1982,0.1687,0.9402,0.9491,0.07,128,sgd,MLPOne
408,6,9,0.1823,0.1596,0.9451,0.952,0.07,128,sgd,MLPOne
409,6,10,0.169,0.152,0.9493,0.9543,0.07,128,sgd,MLPOne
410,6,11,0.1575,0.1456,0.953,0.9563,0.07,128,sgd,MLPOne
411,6,12,0.1476,0.1401,0.9561,0.958,0.07,128,sgd,MLPOne
412,6,13,0.1389,0.1354,0.9588,0.9595,0.07,128,sgd,MLPOne
413,6,14,0.1312,0.1312,0.9613,0.9608,0.07,128,sgd,MLPOne
414,6,15,0.1243,0.1275,0.9635,0.962,0.07,128,sgd,MLPOne
415,6,16,0.1181,0.1241,0.9655,0.9631,0.07,128,sgd,MLPOne
416,6,17,0.1125,0.1211,0.9673,0.964,0.07,128,sgd,MLPOne
417,6,18,0.1074,0.1185,0.9689,0.9648,0.07,128,sgd,MLPOne
418,6,19,0.1027,0.1162,0.9704,0.9655,0.07,128,sgd,MLPOne
419,6,20,0.0984,0.1139,0.9717,0.9662,0.07,128,sgd,MLPOne
420,6,21,0.0944,0.112,0.973,0.9668,0.07,128,sgd,MLPOne
421,6,22,0.0908,0.1103,0.9742,0.9674,0.07,128,sgd,MLPOne
422,6,23,0.0874,0.1086,0.9752,0.9679,0.07,128,sgd,MLPOne
423,6,24,0.0843,0.1071,0.9762,0.9684,0.07,128,sgd,MLPOne
424,6,25,0.0814,0.1057,0.9771,0.9688,0.07,128,sgd,MLPOne
425,6,26,0.0786,0.1044,0.978,0.9693,0.07,128,sgd,MLPOne
426,6,27,0.0761,0.1032,0.9788,0.9696,0.07,128,sgd,MLPOne
427,6,28,0.0737,0.102,0.9795,0.97,0.07,128,sgd,MLPOne
428,6,29,0.0714,0.101,0.9802,0.9704,0.07,128,sgd,MLPOne
429,6,30,0.0693,0.1,0.9808,0.9707,0.07,128,sgd,MLPOne
430,6,31,0.0673,0.0991,0.9814,0.971,0.07,128,sgd,MLPOne
431,6,32,0.0654,0.0982,0.982,0.9713,0.07,128,sgd,MLPOne
432,6,33,0.0637,0.0975,0.9825,0.9715,0.07,128,sgd,MLPOne
433,6,34,0.062,0.0967,0.983,0.9718,0.07,128,sgd,MLPOne
434,6,35,0.0604,0.096,0.9835,0.972,0.07,128,sgd,MLPOne
435,6,36,0.0589,0.0954,0.984,0.9722,0.07,128,sgd,MLPOne
436,6,37,0.0574,0.0948,0.9844,0.9724,0.07,128,sgd,MLPOne
437,6,38,0.0561,0.0942,0.9848,0.9726,0.07,128,sgd,MLPOne
438,6,39,0.0547,0.0936,0.9852,0.9728,0.07,128,sgd,MLPOne
439,6,40,0.0535,0.0931,0.9856,0.973,0.07,128,sgd,MLPOne
440,6,41,0.0523,0.0926,0.9859,0.9732,0.07,128,sgd,MLPOne
441,6,42,0.0512,0.0921,0.9862,0.9734,0.07,128,sgd,MLPOne
442,6,43,0.0501,0.0917,0.9866,0.9735,0.07,128,sgd,MLPOne
443,6,44,0.049,0.0913,0.9869,0.9737,0.07,128,sgd,MLPOne
444,6,45,0.048,0.0909,0.9872,0.9738,0.07,128,sgd,MLPOne
445,6,46,0.0471,0.0905,0.9874,0.974,0.07,128,sgd,MLPOne
446,6,47,0.0461,0.0902,0.9877,0.9741,0.07,128,sgd,MLPOne
447,6,48,0.0453,0.0898,0.988,0.9742,0.07,128,sgd,MLPOne
448,6,49,0.0444,0.0895,0.9882,0.9744,0.07,128,sgd,MLPOne
449,6,50,0.0436,0.0892,0.9884,0.9745,0.07,128,sgd,MLPOne
450,6,51,0.0428,0.0889,0.9887,0.9746,0.07,128,sgd,MLPOne
451,6,52,0.042,0.0886,0.9889,0.9747,0.07,128,sgd,MLPOne
452,6,53,0.0413,0.0884,0.9891,0.9748,0.07,128,sgd,MLPOne
453,6,54,0.0406,0.0881,0.9893,0.9749,0.07,128,sgd,MLPOne
454,6,55,0.0399,0.0879,0.9895,0.975,0.07,128,sgd,MLPOne
455,6,56,0.0392,0.0876,0.9897,0.9751,0.07,128,sgd,MLPOne
456,6,57,0.0386,0.0874,0.9898,0.9752,0.07,128,sgd,MLPOne
457,6,58,0.038,0.0872,0.99,0.9753,0.07,128,sgd,MLPOne
458,6,59,0.0374,0.087,0.9902,0.9754,0.07,128,sgd,MLPOne
459,6,60,0.0368,0.0868,0.9904,0.9755,0.07,128,sgd,MLPOne
460,6,61,0.0362,0.0866,0.9905,0.9756,0.07,128,sgd,MLPOne
461,6,62,0.0357,0.0865,0.9907,0.9756,0.07,128,sgd,MLPOne
462,6,63,0.0352,0.0863,0.9908,0.9757,0.07,128,sgd,MLPOne
463,6,64,0.0347,0.0861,0.991,0.9758,0.07,128,sgd,MLPOne
464,6,65,0.0342,0.086,0.9911,0.9759,0.07,128,sgd,MLPOne
465,6,66,0.0337,0.0858,0.9912,0.9759,0.07,128,sgd,MLPOne
466,6,67,0.0332,0.0857,0.9914,0.976,0.07,128,sgd,MLPOne
467,6,68,0.0327,0.0855,0.9915,0.9761,0.07,128,sgd,MLPOne
468,6,69,0.0323,0.0854,0.9916,0.9761,0.07,128,sgd,MLPOne
469,6,70,0.0319,0.0853,0.9917,0.9762,0.07,128,sgd,MLPOne
470,6,71,0.0314,0.0852,0.9918,0.9762,0.07,128,sgd,MLPOne
471,6,72,0.031,0.0851,0.9919,0.9763,0.07,128,sgd,MLPOne
472,6,73,0.0306,0.0849,0.9921,0.9764,0.07,128,sgd,MLPOne
473,6,74,0.0303,0.0848,0.9922,0.9764,0.07,128,sgd,MLPOne
474,6,75,0.0299,0.0847,0.9923,0.9765,0.07,128,sgd,MLPOne
475,6,76,0.0295,0.0846,0.9924,0.9765,0.07,128,sgd,MLPOne
476,6,77,0.0291,0.0845,0.9925,0.9766,0.07,128,sgd,MLPOne
477,6,78,0.0288,0.0844,0.9926,0.9766,0.07,128,sgd,MLPOne
478,6,79,0.0284,0.0844,0.9927,0.9767,0.07,128,sgd,MLPOne
479,6,80,0.0281,0.0843,0.9927,0.9767,0.07,128,sgd,MLPOne
